word1,word2,POS,SimLex999,conc(w1),conc(w2),concQ,Assoc(USF),SimAssoc333,SD(SimLex),sim2W100S,sim10W100S,sim2W1000S,sim10W1000S
old,new,A,1.58,2.72,2.81,2,7.25,1,0.41,0.40073797,0.31135973,0.35405207,0.2795853
smart,intelligent,A,9.2,1.75,2.46,1,7.11,1,0.67,0.47352058,0.36907768,0.4531135,0.25436196
hard,difficult,A,8.77,3.76,2.21,2,5.94,1,1.19,0.7263246,0.6741283,0.685696,0.6499648
happy,cheerful,A,9.55,2.56,2.34,1,5.85,1,2.18,0.40784225,0.43392888,0.38383287,0.5667433
hard,easy,A,0.95,3.76,2.07,2,5.82,1,0.93,0.7435184,0.71989405,0.7352998,0.6762714
fast,rapid,A,8.75,3.32,3.07,2,5.66,1,1.68,0.5032435,0.41997513,0.50840265,0.3812637
happy,glad,A,9.17,2.56,2.36,1,5.49,1,1.59,0.6105612,0.5533938,0.6466136,0.5760983
short,long,A,1.23,3.61,3.18,2,5.36,1,1.58,0.6728457,0.6195175,0.62630016,0.59453124
stupid,dumb,A,9.58,1.75,2.36,1,5.26,1,1.48,0.6739157,0.54043233,0.6098358,0.37423113
weird,strange,A,8.93,1.59,1.86,1,4.26,1,1.3,0.64488107,0.4966617,0.6150274,0.56970674
wide,narrow,A,1.03,3.06,3.04,2,4.06,1,0.58,0.63765025,0.52642536,0.6705377,0.5024508
bad,awful,A,8.42,1.68,1.92,1,3.41,1,1.74,0.32496488,0.3431054,0.33994144,0.27150312
easy,difficult,A,0.58,2.07,2.21,1,2.83,1,0.36,0.85749793,0.8358382,0.83882016,0.80370826
bad,terrible,A,7.78,1.68,2.04,1,2.31,1,1.43,0.7488828,0.59081966,0.7055468,0.6121424
hard,simple,A,1.38,3.76,1.62,2,2.16,1,1.03,0.560707,0.49391174,0.5025875,0.48701555
smart,dumb,A,0.55,1.75,2.36,1,2.1,1,0.47,0.5626437,0.3983382,0.55074847,0.31707934
insane,crazy,A,9.57,1.77,2.37,1,2.09,1,0.92,0.58164364,0.43584806,0.5125868,0.4630127
happy,mad,A,0.95,2.56,2.76,2,2.07,1,1.4,0.48881105,0.38504595,0.4054458,0.2827201
large,huge,A,9.47,3.37,3.54,2,2,1,1.27,0.784882,0.6988557,0.7470141,0.69448936
hard,tough,A,8.05,3.76,2.5,2,1.99,1,1.18,0.6837033,0.62328327,0.6427993,0.6206305
new,fresh,A,6.83,2.81,1.97,1,1.98,1,1.2,0.26546702,0.09676188,0.18450448,0.09944295
sharp,dull,A,0.6,3.86,2.37,2,1.48,1,1.39,0.5578678,0.48073858,0.5547709,0.42513004
quick,rapid,A,9.7,2.89,3.07,2,1.38,1,1.14,0.6323117,0.45662913,0.6229061,0.43658775
dumb,foolish,A,6.67,2.36,1.84,1,1.34,1,1.36,0.53571546,0.64763916,0.39071682,0.37413207
wonderful,terrific,A,8.63,1.82,2.07,1,1.17,1,1.63,0.46597877,0.2447888,0.40770063,0.14590153
strange,odd,A,9.02,1.86,1.7,1,1.16,1,1.04,0.42505148,0.2594802,0.44045347,0.24913527
happy,angry,A,1.28,2.56,2.53,1,1.15,1,1.41,0.54056185,0.49948442,0.4588322,0.4384882
narrow,broad,A,1.18,3.04,2.45,2,1,1,1.18,0.7366929,0.6186231,0.7329837,0.5879104
simple,easy,A,9.4,1.62,2.07,1,0.96,1,1.51,0.55438435,0.5802246,0.52286357,0.54788196
old,fresh,A,0.87,2.72,1.97,1,0.91,1,1.64,0.15284288,0.11325049,0.12125935,0.08333777
apparent,obvious,A,8.47,1.73,2.07,1,0.89,1,1.52,0.74857646,0.6449244,0.750782,0.6120107
inexpensive,cheap,A,8.72,2.22,2.11,1,0.79,1,0.81,0.73243743,0.68172103,0.7769965,0.68502647
nice,generous,A,5,2.18,2.25,1,0.77,1,1.14,0.5407508,0.24954525,0.52605605,0.2359302
weird,normal,A,0.72,1.59,1.4,1,0.76,1,1.15,0.18718372,-0.06181418,0.18808308,0.015818235
weird,odd,A,9.2,1.59,1.7,1,0.75,1,1.27,0.33221802,0.15989695,0.3623373,0.23253733
bad,immoral,A,7.62,1.68,1.59,1,0.74,1,0.98,0.43832913,0.48110324,0.51898474,0.5229923
sad,funny,A,0.95,3.07,2.5,2,0.74,1,1.28,0.7740443,0.6684304,0.8173734,0.64829385
wonderful,great,A,8.05,1.82,1.81,1,0.7,1,1.05,0.30527574,0.31623322,0.3320191,0.33019143
guilty,ashamed,A,6.38,2.36,1.74,1,0.69,1,0.47,0.50429016,0.2124725,0.50223523,0.26223004
beautiful,wonderful,A,6.5,2.16,1.82,1,0.68,1,0.85,0.62406987,0.6120274,0.64864683,0.6253206
confident,sure,A,8.27,2.62,1.73,1,0.68,1,1.21,0.59333956,0.49410227,0.5827754,0.48212212
dumb,dense,A,7.27,2.36,3.14,2,0.68,1,0.43,0.26624855,-0.053511716,0.23223338,0.10905783
large,big,A,9.55,3.37,3.66,2,0.68,1,0.44,0.5438754,0.42746866,0.53825986,0.4164703
nice,cruel,A,0.67,2.18,2.11,1,0.49,1,1.53,0.5190397,0.25316274,0.5428079,0.18198328
impatient,anxious,A,6.03,2.38,1.68,1,0.47,1,1.22,0.50337386,0.4846298,0.4433456,0.42439422
big,broad,A,6.73,3.66,2.45,2,0.47,1,1.68,0.42310515,0.32982686,0.43618783,0.2524341
strong,proud,A,3.17,3.14,2.07,2,0.42,0,1.46,0.37524596,0.16623336,0.34704074,0.20717613
unnecessary,necessary,A,0.63,1.56,1.8,1,0.41,0,0.61,0.77369785,0.67884415,0.7137088,0.65996635
restless,young,A,1.6,2.46,3.16,2,0.41,0,0.85,0.35957202,0.38384828,0.2884686,0.3274831
dumb,intelligent,A,0.75,2.36,2.46,1,0.37,0,1.5,0.34501308,0.14687887,0.27451625,0.15828253
bad,great,A,0.35,1.68,1.81,1,0.35,0,1.49,0.41263846,0.35851097,0.423122,0.3151047
difficult,simple,A,0.87,2.21,1.62,1,0.34,0,0.44,0.5043294,0.48086149,0.4867648,0.46703368
necessary,important,A,7.37,1.8,2.14,1,0.34,0,1.36,0.5134545,0.4132075,0.51080513,0.37202087
bad,terrific,A,0.65,1.68,2.07,1,0.28,0,1.43,0.31348747,0.23232554,0.3180818,0.19730948
mad,glad,A,1.45,2.76,2.36,1,0.28,0,1.17,0.47895962,0.42711127,0.35085338,0.39512724
honest,guilty,A,1.18,1.66,2.36,1,0.27,0,1.68,0.38350913,0.33800662,0.38871726,0.32561365
easy,tough,A,0.52,2.07,2.5,1,0.27,0,1.87,0.5561313,0.4417296,0.50091547,0.39818543
easy,flexible,A,4.1,2.07,2.64,1,0.27,0,1.08,0.52559155,0.53991145,0.5163328,0.53110695
certain,sure,A,8.42,1.68,1.73,1,0.23,0,1.29,0.24520327,0.17603971,0.28920418,0.14891185
essential,necessary,A,8.97,1.52,1.8,1,0.21,0,1.11,0.7118141,0.6666343,0.70221746,0.65260535
different,normal,A,1.08,1.97,1.4,1,0.21,0,1.75,0.4905108,0.41258428,0.4267216,0.40505943
sly,clever,A,7.25,2.03,1.79,1,0.21,0,1.41,0.4376269,0.37448123,0.5108523,0.39679426
crucial,important,A,8.82,2.08,2.14,1,0.21,0,1.25,0.74464333,0.6221236,0.7225511,0.5876812
harsh,cruel,A,8.18,2.23,2.11,1,0.21,0,1.66,0.57213104,0.4962702,0.5843682,0.4892094
childish,foolish,A,5.5,2.52,1.84,1,0.21,0,1.45,0.6451371,0.5876318,0.6552573,0.56639975
scarce,rare,A,9.17,2.57,1.96,1,0.21,0,1.21,0.65626335,0.61863,0.66059184,0.62048805
friendly,generous,A,5.9,2.32,2.25,1,0.21,0,0.6,0.63557684,0.45850492,0.673873,0.44642666
fragile,frigid,A,2.38,2.86,3.28,2,0.21,0,0.84,0.6227571,0.45371148,0.5597832,0.36329117
long,narrow,A,3.57,3.18,3.04,2,0.21,0,1.62,0.49397725,0.49043167,0.47476465,0.45244423
big,heavy,A,6.18,3.66,3.37,2,0.21,0,1.54,0.48238778,0.42085722,0.4903911,0.4039192
rough,frigid,A,2.47,3.83,3.28,2,0.21,0,1.37,0.47771895,0.36289388,0.35868838,0.28505877
bizarre,strange,A,9.37,1.79,1.86,1,0.2,0,1.54,0.8049778,0.73493594,0.78705806,0.6492512
illegal,immoral,A,4.28,2.37,1.59,1,0.2,0,1.57,0.56650543,0.5176586,0.49583983,0.50575215
bad,guilty,A,4.2,1.68,2.36,1,0.2,0,1.47,0.41902107,0.3192652,0.37917978,0.36003447
modern,ancient,A,0.73,2.31,2.04,1,0.2,0,0.71,0.5648579,0.5859523,0.5282858,0.56045896
new,ancient,A,0.23,2.81,2.04,1,0.2,0,0.46,0.22228494,0.06537656,0.17016557,0.04046754
dull,funny,A,0.55,2.37,2.5,1,0.2,0,1.76,0.5787856,0.51213056,0.59124213,0.57927734
happy,young,A,2,2.56,3.16,2,0.2,0,0.47,0.43053448,0.4713942,0.40936202,0.41876096
easy,big,A,1.12,2.07,3.66,2,0.2,0,1.22,0.36535072,0.3416027,0.37413526,0.35780644
great,awful,A,1.17,1.81,1.92,1,0.15,0,1.53,0.13059497,0.090801924,0.16022721,0.03969076
tiny,huge,A,0.6,3.11,3.54,2,0.15,0,0.59,0.62649816,0.5354614,0.5845657,0.5038231
polite,proper,A,7.63,1.85,1.78,1,0.14,0,1.42,0.36908567,0.16639128,0.35798216,0.19201355
modest,ashamed,A,2.65,2.21,1.74,1,0.14,0,1,0.1459763,0.020585537,0.26317635,0.08055968
exotic,rare,A,8.05,2.11,1.96,1,0.14,0,0.93,0.49783948,0.35451818,0.47515678,0.42081365
dumb,clever,A,1.17,2.36,1.79,1,0.14,0,1.3,0.48294616,0.38683513,0.4159966,0.23615386
delightful,wonderful,A,8.65,2.38,1.82,1,0.14,0,1.29,0.60848343,0.4407434,0.5280791,0.3446917
noticeable,obvious,A,8.48,2.29,2.07,1,0.14,0,1.69,0.74927443,0.6490111,0.72995013,0.6152738
afraid,anxious,A,5.07,2.7,1.68,1,0.14,0,1.28,0.68409395,0.64762074,0.69383603,0.70289665
formal,proper,A,8.02,2.7,1.78,1,0.14,0,1.31,0.62916833,0.5042626,0.58499825,0.5126539
dreary,dull,A,8.25,2.33,2.37,1,0.14,0,1.85,0.6921938,0.6043364,0.607507,0.58452344
delightful,cheerful,A,6.58,2.38,2.34,1,0.14,0,1.56,0.53587675,0.35159048,0.5470019,0.25304124
unhappy,mad,A,5.95,2.04,2.76,1,0.14,0,1.36,0.3720287,0.27774674,0.3145061,0.1596454
sad,terrible,A,5.4,3.07,2.04,1,0.14,0,0.44,0.6085557,0.5300681,0.6248036,0.56666064
sick,crazy,A,3.57,2.97,2.37,2,0.14,0,0.95,0.61825675,0.36979127,0.51498115,0.40472615
violent,angry,A,6.98,3.1,2.53,2,0.14,0,1.55,0.43348417,0.36587092,0.38376597,0.36376345
laden,heavy,A,5.9,2.96,3.37,2,0.14,0,1.28,0.32739818,0.28444472,0.3451588,0.26382124
dirty,cheap,A,1.6,4.23,2.11,2,0.14,0,1.1,0.37213913,0.23535363,0.37986603,0.22372249
elastic,flexible,A,7.78,3.73,2.64,2,0.14,0,1.09,0.67239827,0.5736184,0.6526995,0.59125274
hard,dense,A,5.9,3.76,3.14,2,0.14,0,1,0.41931963,0.4354976,0.41198468,0.39455873
recent,new,A,7.05,2.5,2.81,2,0.13,0,1.05,0.21900524,0.13118878,0.19691813,0.08064297
bold,proud,A,3.97,2.43,2.07,1,0.12,0,1.36,0.3527598,0.113098115,0.33750784,0.16743954
sly,strange,A,1.97,2.03,1.86,1,0,0,1.07,0.3624303,0.34710714,0.46026522,0.3103507
strange,sly,A,2.07,1.86,2.03,1,0,0,0.51,0.3624303,0.34710714,0.46026522,0.3103507
dumb,rare,A,0.48,2.36,1.96,1,0,0,1.55,0.19021533,0.009177677,0.13950144,0.0071935877
sly,tough,A,0.58,2.03,2.5,1,0,0,1.01,0.33100027,0.31764653,0.45113772,0.35111764
terrific,mad,A,0.4,2.07,2.76,1,0,0,0.86,0.42475355,0.33290088,0.38156638,0.29654768
modest,flexible,A,0.98,2.21,2.64,1,0,0,1.89,0.5898968,0.51247185,0.5743185,0.48176005
fresh,wide,A,0.4,1.97,3.06,1,0,0,1.41,0.42341357,0.21525529,0.37666994,0.19487382
huge,dumb,A,0.48,3.54,2.36,2,0,0,0.91,0.15638262,-0.19509923,0.15043786,-0.1247472
large,flexible,A,0.48,3.37,2.64,2,0,0,1.59,0.3486645,0.32328886,0.33626837,0.2697526
dirty,narrow,A,0.3,4.23,3.04,2,0,0,0.89,0.2816301,0.06616403,0.26549676,0.061288297
wife,husband,N,2.3,4.13,4.11,3,8.85,1,0.84,0.8564642,0.85069287,0.7960158,0.7989744
book,text,N,6.35,4.9,4.93,4,8.81,1,1.43,0.5984551,0.5788551,0.5649046,0.5421542
groom,bride,N,3.17,4.54,4.63,3,8.65,1,0.68,0.5272352,0.59472984,0.43928844,0.5774038
night,day,N,1.88,4.52,3.92,3,8.19,1,1.17,0.6905937,0.6298859,0.6414929,0.62679356
south,north,N,2.2,3.84,4.14,3,7.72,1,0.59,0.97258127,0.9663466,0.9583782,0.9599197
plane,airport,N,3.65,4.92,4.87,4,7.57,1,1.07,0.32555956,0.3517948,0.30670875,0.3673785
uncle,aunt,N,5.5,4.24,4.17,3,7.46,1,1.63,0.90038395,0.83975565,0.90609694,0.8371421
horse,mare,N,8.33,5,4.75,4,7.4,1,0.73,0.5850297,0.5890368,0.56876385,0.6300282
bottom,top,N,0.7,4.25,3.93,3,6.96,1,1.16,0.6629469,0.6781182,0.6609857,0.65697104
friend,buddy,N,8.78,3.07,3.48,2,6.87,1,0.93,0.3738859,0.5050391,0.29636604,0.4265526
student,pupil,N,9.35,4.92,4.55,3,6.83,1,1.11,0.5474969,0.5692514,0.5753966,0.5940487
world,globe,N,6.67,4.36,4.59,3,6.79,1,0.67,0.45926937,0.5452175,0.46304846,0.47954425
leg,arm,N,2.88,4.83,4.96,4,6.73,1,0.79,0.7645551,0.7793381,0.7622776,0.74778354
plane,jet,N,8.1,4.92,4.77,4,6.62,1,1.24,0.43205777,0.4209829,0.40697142,0.44071218
woman,man,N,3.33,4.46,4.79,3,6.6,1,1.42,0.8960997,0.8089669,0.8567246,0.77291125
horse,colt,N,7.07,5,4.96,4,6.54,1,0.84,0.14284547,0.17192078,0.060464766,0.29662806
actress,actor,N,7.12,4.54,4.57,3,5.78,1,1.3,0.7927542,0.83278257,0.79961246,0.8198699
teacher,instructor,N,9.25,4.52,4.26,3,5.66,1,1.53,0.5912465,0.64753485,0.57643384,0.6378641
movie,film,N,8.87,4.59,4.71,3,5.43,1,1.72,0.88939154,0.90750414,0.8515117,0.87005544
bird,hawk,N,7.85,5,4.93,4,5.29,1,0.91,0.3704965,0.39616117,0.36592042,0.4272927
word,dictionary,N,3.68,3.56,4.62,3,5.2,1,1.56,0.49614617,0.52292204,0.47423708,0.4818512
money,salary,N,7.88,4.54,3.69,3,5.16,1,1.11,0.45477256,0.5744798,0.4493851,0.5261142
dog,cat,N,1.75,4.85,4.86,4,5.13,1,1.3,0.86042076,0.82685506,0.86082065,0.82670224
area,region,N,9.47,3.72,3.19,2,5.12,1,0.58,0.8004881,0.790889,0.75281674,0.7577137
navy,army,N,6.43,3.93,4.7,3,5,1,0.53,0.749231,0.7190822,0.7370049,0.69571614
book,literature,N,7.53,4.9,4.1,3,4.86,1,0.45,0.49204066,0.46142918,0.4600064,0.45637766
clothes,closet,N,3.27,4.76,4.83,4,4.83,1,1.29,0.5930041,0.47621456,0.5172534,0.5124952
sunset,sunrise,N,2.47,4.54,4.69,3,4.8,1,1.12,0.8245575,0.79853606,0.8610009,0.8309349
child,adult,N,2.98,4.78,4.4,3,4.59,1,1.48,0.5576601,0.5495963,0.5067801,0.57315737
cow,cattle,N,9.52,4.96,4.64,4,4.39,1,0.79,0.38302857,0.52654886,0.378463,0.48804384
book,story,N,5.63,4.9,3.3,3,4.19,1,0.78,0.7087915,0.6847399,0.67029065,0.6588793
winter,summer,N,2.38,3.84,3.64,3,3.96,1,0.47,0.81029403,0.82057303,0.8009528,0.7874597
taxi,cab,N,9.2,4.93,4.88,4,3.86,1,1.23,0.7287454,0.6278741,0.6467594,0.5239362
tree,maple,N,5.53,5,4.46,3,3.67,1,1.19,0.4257515,0.49957466,0.4051362,0.46810588
bed,bedroom,N,3.4,5,4.9,4,3.53,1,1.25,0.6258659,0.613535,0.6131896,0.59521794
roof,ceiling,N,7.58,4.79,4.85,4,3.5,1,0.77,0.77279377,0.7860418,0.74054784,0.72893906
disease,infection,N,7.15,3.45,4.1,3,3.45,1,1.08,0.84329104,0.9010825,0.8144103,0.87265927
arm,shoulder,N,4.85,4.96,4.93,4,3.35,1,1.81,0.77866393,0.78638697,0.76662034,0.74796486
sheep,lamb,N,8.42,4.9,4.97,4,3.33,1,1.51,0.7661642,0.7428679,0.73266435,0.7657269
lady,gentleman,N,3.42,4.33,3.57,3,3.29,1,1.08,0.5193533,0.6557083,0.54926896,0.64452726
boat,anchor,N,2.25,4.93,4.77,4,3.25,1,1.1,0.600452,0.68629074,0.58506453,0.6845885
priest,monk,N,6.28,4.77,4.35,3,3.23,1,0.61,0.72614056,0.74359256,0.7307219,0.7444898
toe,finger,N,4.68,4.93,5,4,3.22,1,0.55,0.77961123,0.6990953,0.7259255,0.74876314
river,stream,N,7.3,4.89,4.5,3,3.21,1,0.81,0.5129331,0.541544,0.50685215,0.5453892
anger,fury,N,8.73,2.41,2.89,2,3.06,1,1.89,0.71159357,0.66380197,0.6827342,0.6460962
date,calendar,N,4.42,3.9,4.62,3,3.05,1,1.5,0.5722071,0.6658005,0.5268463,0.64751375
sea,ocean,N,8.27,4.79,4.86,4,2.91,1,1.3,0.7729747,0.79475117,0.75845283,0.7955916
second,minute,N,4.62,3.3,3.04,2,2.84,1,1.15,0.27529994,0.35123217,0.27738744,0.29040343
hand,thumb,N,3.88,4.72,4.96,4,2.84,1,0.44,0.5358027,0.56886935,0.4723353,0.5527153
wood,log,N,7.3,4.85,4.96,4,2.79,1,0.87,0.34655842,0.33978778,0.37916905,0.2795807
mud,dirt,N,7.32,4.86,4.86,4,2.76,1,0.48,0.7884988,0.7727636,0.7783587,0.7338731
hallway,corridor,N,9.28,4.74,4.72,3,2.7,1,0.76,0,0,0,0
way,manner,N,7.62,2.34,1.62,1,2.56,1,0.44,0.6200441,0.6363915,0.55825657,0.6214313
mouse,cat,N,1.12,4.83,4.86,4,2.56,1,1.02,0.4888859,0.34306645,0.47554058,0.3181568
cop,sheriff,N,9.05,4.3,4.5,3,2.54,1,1.55,0.4738906,0.3026273,0.37814736,0.35422465
death,burial,N,4.93,3.73,3.93,3,2.46,1,1.88,0.29340735,0.3557458,0.22847529,0.34725952
music,melody,N,6.98,4.31,3.71,3,2.43,1,1.36,0.6156482,0.6451678,0.54704887,0.60820866
beer,alcohol,N,7.5,4.88,4.76,4,2.4,1,1.07,0.57535475,0.61423,0.5649439,0.6379533
mouth,lip,N,7.1,4.74,4.96,4,2.28,1,1.4,0.5833671,0.5888641,0.5096299,0.6071926
storm,hurricane,N,6.38,4.7,4.59,3,2.27,1,0.9,0.5929122,0.6705362,0.5706419,0.6318105
tax,income,N,2.38,3.89,3.07,2,2.25,1,1.15,0.6959115,0.72516996,0.67796904,0.70247966
flower,violet,N,6.95,5,4.48,4,2.22,1,1.72,0.5898254,0.5991602,0.55922294,0.5801127
paper,cardboard,N,5.38,4.93,4.9,4,2.2,1,1.22,0.4822977,0.4943344,0.42860568,0.40106055
floor,ceiling,N,1.73,4.8,4.85,4,2.18,1,0.97,0.62020904,0.7071514,0.6137922,0.6783963
beach,seashore,N,8.33,4.79,4.63,3,2.15,1,0.47,0.55635285,0.49539784,0.5584508,0.47839662
rod,curtain,N,3.03,4.43,4.82,3,2.13,1,0.39,0.78976923,0.6225279,0.73118645,0.66304034
hound,fox,N,2.38,4.48,4.97,3,2.13,1,1.36,0.59342825,0.57160145,0.5898222,0.51536256
street,alley,N,5.48,4.75,4.82,4,2.07,1,1.62,0.37175277,0.43954587,0.29628223,0.44482335
boat,deck,N,4.28,4.93,4.77,4,2.04,1,1.39,0.6646139,0.65686214,0.6657377,0.6636927
car,horn,N,2.57,4.89,5,4,2.04,1,0.79,0.34930387,0.25616497,0.3365879,0.25853714
friend,guest,N,4.25,3.07,3.83,2,1.97,1,1.41,0.4046585,0.4180097,0.4318429,0.4048413
employer,employee,N,3.65,3.81,4.1,3,1.96,1,0.95,0.67795426,0.68049616,0.66402984,0.6814608
hand,wrist,N,3.97,4.72,4.93,4,1.96,1,1.32,0.44394556,0.46607125,0.49483836,0.44972622
ball,cannon,N,2.58,5,4.79,4,1.96,1,1.82,0.6244691,0.42265165,0.5763621,0.3732957
alcohol,brandy,N,6.98,4.76,4.81,4,1.93,1,0.57,0.48175377,0.5129377,0.4639456,0.49152026
victory,triumph,N,8.98,2.55,2.17,1,1.9,1,0.94,0.7695411,0.73498243,0.7304553,0.7179519
telephone,booth,N,3.63,4.96,4.42,3,1.88,1,1.1,0.5071618,0.39009148,0.4910276,0.39144522
door,doorway,N,5.4,4.81,4.75,4,1.88,1,1.86,0.57285774,0.5981772,0.5757844,0.563299
motel,inn,N,8.17,4.93,4.64,4,1.86,1,0.39,0.4208241,0.49685764,0.52891713,0.5378339
clothes,cloth,N,5.47,4.76,4.9,4,1.82,1,1.43,0.72259337,0.74195313,0.6938157,0.7004471
steak,meat,N,7.47,4.96,4.9,4,1.81,1,1.34,0.52028483,0.6561408,0.55289006,0.7056489
nail,thumb,N,3.55,4.93,4.96,4,1.76,1,1.16,0.5154218,0.61274415,0.45864832,0.55076826
band,orchestra,N,7.08,4.68,4.79,4,1.75,1,1.36,0.5411297,0.5563603,0.5174378,0.53692997
book,bible,N,5,4.9,4.61,4,1.74,1,1.43,0.39657435,0.43082651,0.43657106,0.42315194
business,industry,N,7.02,3.28,3.29,2,1.73,1,1.1,0.5593273,0.6256608,0.55840105,0.6030775
winter,season,N,6.27,3.84,3.32,2,1.71,1,1.76,0.6101985,0.5394745,0.6088286,0.5281127
decade,century,N,3.48,3.19,2.83,2,1.64,1,1.36,0.5329175,0.3934099,0.49821323,0.3641889
alcohol,gin,N,8.65,4.76,4.46,3,1.64,1,1.17,0.35977495,0.44161382,0.43044534,0.4493418
hat,coat,N,2.67,4.88,4.97,4,1.62,1,1.76,0.6879525,0.6785045,0.6873653,0.6522671
window,door,N,3.33,4.86,4.81,4,1.56,1,1.6,0.80381703,0.8306242,0.7675578,0.74442613
arm,wrist,N,3.57,4.96,4.93,4,1.55,1,1.33,0.6148911,0.7114217,0.64063567,0.673823
house,apartment,N,5.8,5,4.9,4,1.54,1,1.4,0.6199877,0.6805504,0.5858567,0.66264033
glass,crystal,N,6.27,4.82,4.58,3,1.52,1,1.48,0.64954674,0.6572635,0.6147515,0.65832716
wine,brandy,N,5.15,4.79,4.81,4,1.52,1,1.67,0.565677,0.72437364,0.54366726,0.6653385
creator,maker,N,9.62,3.07,3.9,2,1.51,1,1.4,0.41758382,0.4661352,0.4553984,0.32792833
dinner,breakfast,N,3.33,4.5,4.43,3,1.49,1,1.72,0.6356474,0.59128004,0.6511738,0.560325
arm,muscle,N,3.72,4.96,4.5,3,1.45,1,0.83,0.2845597,0.3537675,0.2554784,0.3708839
bubble,suds,N,8.57,4.6,4.59,3,1.42,1,1.59,0,0,0,0
bread,flour,N,3.33,4.92,4.97,4,1.42,1,1.25,0.75910914,0.777986,0.7714547,0.74628276
death,tragedy,N,5.8,3.73,2.07,2,1.41,1,1.13,0.47553942,0.409175,0.43784985,0.3988675
absence,presence,N,0.4,2.31,2.72,1,1.38,1,1.5,0.69069356,0.681711,0.6738646,0.64040667
gun,cannon,N,5.68,4.83,4.79,4,1.35,1,1.56,0.77375776,0.80257714,0.7487835,0.7849142
grass,blade,N,4.57,4.93,4.93,4,1.34,1,1.53,0.6098339,0.6711894,0.6246965,0.58766794
ball,basket,N,1.67,5,5,4,1.33,1,1.08,0.64159137,0.73041815,0.6310158,0.6404271
hose,garden,N,1.67,4.87,4.73,4,1.32,1,1.1,0.39335644,0.26875088,0.3351103,0.27299014
boy,kid,N,7.5,4.76,4.56,3,1.28,1,1.44,0.5553467,0.68105394,0.62658334,0.62415904
church,choir,N,2.95,4.9,4.34,3,1.27,1,1.43,0.3829667,0.42403817,0.34171274,0.40552422
clothes,drawer,N,3.02,4.76,4.67,3,1.27,1,1.49,0.27034247,0.43029383,0.37690637,0.27323502
tower,bell,N,1.9,4.76,4.96,4,1.22,1,1.41,0.56524116,0.5063369,0.53416926,0.50519574
father,parent,N,7.07,4.52,4.56,3,1.19,1,1.06,0.29244602,0.31088868,0.25245196,0.26814416
school,grade,N,4.42,4.79,3,3,1.18,1,1.32,0.39889184,0.5728045,0.37644258,0.5549051
parent,adult,N,5.37,4.56,4.4,3,1.15,1,1.6,0.38450965,0.34712726,0.37656534,0.3311088
bar,jail,N,1.9,4.67,4.83,4,1.15,1,1.12,0.3970081,0.2759835,0.37421682,0.2705762
car,highway,N,3.4,4.89,4.72,4,1.15,1,1.77,0.4610922,0.40991879,0.43896526,0.3968871
dictionary,definition,N,6.25,4.62,3.07,3,1.14,1,1.06,0.52537614,0.50519204,0.5464439,0.49724537
door,cellar,N,1.97,4.81,4.68,4,1.13,1,1.47,0.5820862,0.57580656,0.55466646,0.5898582
army,legion,N,5.95,4.7,2.69,2,1.11,1,1.29,0.46522987,0.6431446,0.4834903,0.5384862
metal,aluminum,N,7.25,4.87,4.88,4,1.1,1,1.76,0.613049,0.6747991,0.5880863,0.6244216
chair,bench,N,6.67,4.58,4.87,3,1.09,1,1.22,0.5209113,0.51722383,0.55528176,0.4189611
cloud,fog,N,6,4.54,4.66,3,1.05,1,1.04,0.70420426,0.60679746,0.7367121,0.6103633
boy,son,N,6.75,4.76,4.14,3,1.03,1,0.88,0.46090278,0.5150322,0.47277275,0.5080772
water,ice,N,6.47,5,4.89,4,1.03,1,1.66,0.49977228,0.54189914,0.46886054,0.5644038
bed,blanket,N,3.02,5,5,4,1.02,1,1.48,0.4524869,0.40102094,0.48584163,0.55657744
attorney,lawyer,N,9.35,4.52,4.7,3,1.01,1,1.4,0.7093015,0.7803021,0.6665444,0.81237936
area,zone,N,8.33,3.72,3.07,2,0.97,1,0.89,0.5610762,0.6163863,0.5481489,0.6178317
business,company,N,9.02,3.28,4.11,3,0.97,1,0.47,0.60053176,0.67132354,0.53357905,0.6410407
clothes,fabric,N,5.87,4.76,4.63,3,0.96,1,1.66,0.46457642,0.4498209,0.46402305,0.40974823
sweater,jacket,N,7.15,4.78,4.86,4,0.96,1,1.13,0.5703439,0.38259178,0.6405424,0.44426402
money,capital,N,6.67,4.54,4.1,3,0.95,1,0.97,0.41802752,0.32480308,0.38567242,0.31523046
hand,foot,N,4.17,4.72,4.9,4,0.95,1,1.41,0.5799385,0.5512011,0.58093303,0.5501575
alcohol,cocktail,N,6.73,4.76,4.4,3,0.93,1,1.2,0.09388356,0.20634075,0.09063006,0.232013
yard,inch,N,3.78,4.82,4.37,3,0.93,1,1.4,0.6061223,0.53020877,0.5811004,0.542028
molecule,atom,N,6.45,3.27,3.34,2,0.92,1,1.56,0.8710247,0.8852527,0.84925836,0.8594601
lens,camera,N,4.28,4.64,5,4,0.9,1,1.89,0.67546946,0.722142,0.671388,0.6514944
meal,dinner,N,7.15,4.62,4.5,3,0.88,1,2,0.49650547,0.5304242,0.4286747,0.47238636
eye,tear,N,3.55,4.9,4.56,3,0.88,1,1.48,0.40096384,0.52351755,0.3841308,0.46570367
god,devil,N,1.8,2.07,3.41,2,0.87,1,1.1,0.55574304,0.6772323,0.5714627,0.6781635
loop,belt,N,3.1,4.26,4.9,3,0.87,1,1.74,0.64845437,0.58397585,0.6160228,0.5364189
rat,mouse,N,7.78,4.85,4.83,4,0.87,1,0.93,0.5132631,0.3065155,0.42693463,0.35382757
motor,engine,N,8.65,4.84,4.86,4,0.87,1,1.47,0.5587419,0.6315015,0.5398694,0.5572462
car,cab,N,7.42,4.89,4.88,4,0.87,1,1.15,0.5387484,0.60484564,0.57344353,0.6484824
cat,lion,N,6.75,4.86,4.96,4,0.85,1,0.84,0.71766865,0.65688175,0.6707231,0.6195627
size,magnitude,N,6.33,3.13,2.43,2,0.84,1,0.59,0.5986177,0.6424906,0.60421747,0.5935273
reality,fantasy,N,1.03,1.72,1.59,1,0.83,1,0.89,0.4254483,0.37867048,0.4096681,0.36743125
door,gate,N,5.25,4.81,4.96,4,0.83,1,1.47,0.7779484,0.7679382,0.75847065,0.7413714
cat,pet,N,5.95,4.86,4.71,4,0.82,1,1.41,0.54070145,0.57520944,0.57967985,0.5681166
tin,aluminum,N,6.42,4.87,4.88,4,0.82,1,1.3,0.76108646,0.72815084,0.75367856,0.6821864
bone,jaw,N,4.17,4.9,4.87,4,0.82,1,0.44,0.6779803,0.7243209,0.6443387,0.6896763
cereal,wheat,N,3.75,4.83,4.89,4,0.81,1,1.72,0.8319066,0.8451218,0.81696254,0.8523551
house,key,N,1.9,5,4.89,4,0.8,1,1.09,0.14474148,-0.14845224,0.13701177,-0.15137038
blood,flesh,N,4.28,4.86,4.59,3,0.79,1,1.74,0.66241723,0.6778002,0.6297723,0.67866486
door,corridor,N,3.73,4.81,4.72,4,0.79,1,1.11,0.51341665,0.35263908,0.5370949,0.39845544
god,spirit,N,7.3,2.07,1.6,1,0.77,1,1.63,0.71736944,0.6836401,0.698928,0.6665313
capability,competence,N,7.62,1.93,1.78,1,0.77,1,0.84,0.46533147,0.2705026,0.5211705,0.3133882
abundance,plenty,N,8.97,2.21,2.39,1,0.77,1,1.02,0.46575943,0.2892097,0.47081977,0.29566666
sofa,chair,N,6.67,4.9,4.58,4,0.77,1,1.56,0.40422112,0.007098282,0.36010617,0.035409704
wall,brick,N,4.68,4.86,4.83,4,0.77,1,1.16,0.7002948,0.67629766,0.65723574,0.6460539
horn,drum,N,2.68,5,4.96,4,0.77,1,0.47,0.6591507,0.8068122,0.63660574,0.78958565
organ,liver,N,6.15,4.77,4.68,3,0.76,1,1.12,0.3624692,0.35635874,0.3491575,0.35527566
strength,might,N,7.07,2.96,2.32,2,0.74,1,0.8,0.19810455,0.16418055,0.16423959,0.13265319
phrase,word,N,5.48,2.86,3.56,2,0.74,1,1.73,0.8045634,0.8259016,0.784875,0.7856404
band,parade,N,3.92,4.68,4.54,3,0.74,1,1.74,0.30589727,0.24204417,0.27601707,0.21380816
stomach,waist,N,5.9,4.89,4.72,4,0.74,1,1.49,0.5246748,0.44324887,0.4734937,0.40278587
cloud,storm,N,5.6,4.54,4.7,3,0.73,1,1.47,0.5854669,0.47538307,0.5533133,0.45398164
joy,pride,N,5,2.37,1.66,1,0.72,1,0.9,0.63761467,0.5483224,0.6305519,0.55977595
noise,rattle,N,6.17,3.52,4.07,3,0.72,1,1.33,0.24409895,0.27751327,0.24099828,0.24900825
rain,mist,N,5.97,4.97,4.51,4,0.71,1,1.83,0.64441925,0.6501562,0.61496073,0.6083573
beer,beverage,N,5.42,4.88,4.6,4,0.71,1,1.34,0.7236084,0.834707,0.71172833,0.8215199
man,uncle,N,3.92,4.79,4.24,3,0.7,1,1.36,0.36729985,0.3582064,0.34891683,0.36974096
apple,juice,N,2.88,5,4.89,4,0.7,1,1.65,0.54594195,0.56303704,0.5403734,0.52426326
intelligence,logic,N,6.5,2.24,1.72,1,0.68,1,1.2,0.4757256,0.3374761,0.45401525,0.3362454
communication,language,N,7.47,2.9,2.35,2,0.68,1,1.09,0.36791927,0.37549326,0.34422043,0.32259306
mink,fur,N,6.83,4.58,4.69,3,0.68,1,0.39,0,0,0,0
mob,crowd,N,7.85,3.88,4.52,3,0.67,1,1.2,0.60227096,0.65813863,0.6045664,0.6195288
shore,coast,N,8.83,4.79,4.21,3,0.67,1,1.53,0.848348,0.85584724,0.84239304,0.8193251
wire,cord,N,7.62,4.72,4.63,3,0.67,1,1.35,0.69898385,0.57258075,0.6412517,0.58485806
bird,turkey,N,6.58,5,4.89,4,0.67,1,1.6,0.4846161,0.48510554,0.41248173,0.5184621
bed,crib,N,7.3,5,4.86,4,0.65,1,1.56,0.39345285,0.38737234,0.3932403,0.3772199
competence,ability,N,7.5,1.78,1.81,1,0.63,1,0.6,0.5252946,0.41725585,0.5459462,0.4150118
cloud,haze,N,7.32,4.54,4.04,3,0.63,1,1.68,0.60188305,0.52540886,0.5570338,0.57854104
supper,meal,N,7.53,4.63,4.62,3,0.63,1,0.47,0.53026843,0.639904,0.5243037,0.64228773
bar,cage,N,2.8,4.67,5,4,0.63,1,0.51,0.5033118,0.42693815,0.51669896,0.44285712
water,salt,N,1.3,5,4.89,4,0.63,1,0.94,0.71696126,0.7502775,0.6714163,0.7279349
sense,intuition,N,7.68,2.61,1.67,1,0.62,1,1.24,0.54245496,0.48652118,0.5229312,0.458014
situation,condition,N,6.58,2.03,2.15,1,0.61,1,1.41,0.70397455,0.6057066,0.68178016,0.5986219
crime,theft,N,7.53,3.03,2.93,2,0.61,1,1.32,0.48052108,0.58420205,0.5269668,0.5463965
style,fashion,N,8.5,2.67,3.43,2,0.61,1,0.87,0.6794536,0.69602466,0.6314141,0.67068046
boundary,border,N,9.08,3.04,4.29,2,0.61,1,0.44,0.7600334,0.71286786,0.74554735,0.69805837
arm,body,N,4.05,4.96,4.79,4,0.61,1,0.51,0.57543075,0.56267947,0.5616309,0.55518293
boat,car,N,2.37,4.93,4.89,4,0.61,1,1.17,0.7827064,0.6287041,0.7287222,0.6312907
sandwich,lunch,N,6.3,4.9,4.31,3,0.58,1,1.53,0.3984482,0.33435032,0.27831805,0.22710027
bride,princess,N,2.8,4.63,4.72,3,0.58,1,0.92,0.60624295,0.5769572,0.5550549,0.65373874
heroine,hero,N,8.78,4.21,3.07,2,0.56,1,1.79,0.6807623,0.68262684,0.65851617,0.6986829
car,gauge,N,1.13,4.89,4,3,0.56,1,1.47,0.19518538,0.18981332,0.21824041,0.17086154
insect,bee,N,6.07,4.89,4.88,4,0.55,1,1.34,0.57951885,0.5912789,0.55262196,0.6427991
crib,cradle,N,8.55,4.86,4.93,4,0.55,1,1.15,0.65884054,0.433296,0.6413247,0.325052
animal,person,N,3.05,4.61,4.72,3,0.54,1,1.38,0.5201594,0.40775615,0.5002952,0.37547502
marijuana,herb,N,6.5,4.89,4.57,3,0.54,1,0.59,0.5229021,0.4506134,0.52256036,0.39824557
bed,hospital,N,0.92,5,4.64,4,0.54,1,1.35,0.51510614,0.4663921,0.53590626,0.45304924
cheek,tongue,N,4.52,4.83,4.93,4,0.54,1,0.47,0.45253277,0.6110133,0.4188666,0.62954205
disc,computer,N,3.2,4.85,4.93,4,0.54,1,0.44,0.38065925,0.40376696,0.37286267,0.36445835
curve,angle,N,3.33,4.41,3.5,3,0.53,1,1.51,0.73673934,0.7704567,0.7390262,0.7951175
grass,moss,N,5,4.93,4.9,4,0.53,1,1.27,0.57178855,0.55565846,0.5619921,0.5523251
school,law,N,1.13,4.79,2.57,2,0.52,1,1.49,0.29450214,0.27679962,0.24009524,0.25959885
foot,head,N,2.3,4.9,4.75,4,0.52,1,0.62,0.4860922,0.5042932,0.50040275,0.4917273
mother,guardian,N,6.5,4.6,3.28,3,0.51,1,1.13,0.6073843,0.5575054,0.57284176,0.49174154
orthodontist,dentist,N,8.27,4.43,4.93,3,0.51,1,1.47,0,0,0,0
alcohol,whiskey,N,7.27,4.76,4.74,4,0.51,1,1.19,0.4769601,0.47111958,0.49381682,0.49585345
mouth,tooth,N,6.3,4.74,4.89,4,0.51,1,1.39,0.46139854,0.5840048,0.4311493,0.564797
breakfast,bacon,N,4.37,4.43,4.9,3,0.5,1,1.46,0.57669085,0.6650469,0.54014933,0.61120415
bathroom,bedroom,N,3.4,4.52,4.9,3,0.5,1,1.73,0.6902261,0.60757864,0.62691003,0.57820845
plate,bowl,N,5.23,4.77,4.87,4,0.5,1,1.46,0.6069469,0.6658935,0.6128965,0.6598334
meat,bacon,N,5.8,4.9,4.9,4,0.5,1,1.5,0.6634184,0.74717,0.5837599,0.6998855
air,helium,N,3.63,4.11,3.96,3,0.49,1,1.59,0.4117018,0.4749335,0.38191202,0.4508765
worker,employer,N,5.37,4.59,3.81,3,0.49,1,1.4,0.48907122,0.60689914,0.52336085,0.60635287
body,chest,N,4.45,4.79,4.93,4,0.49,1,1.45,0.6118962,0.5743055,0.5172369,0.57449716
son,father,N,3.82,4.14,4.52,3,0.48,1,1.75,0.74277943,0.78337055,0.72969127,0.74993914
heart,surgery,N,1.08,4.52,4.34,3,0.48,1,1.07,0.5107943,0.6371152,0.46428737,0.6155328
woman,secretary,N,1.98,4.46,4.54,3,0.48,1,1.6,0.3156349,0.24163626,0.31728053,0.25344315
man,father,N,4.83,4.79,4.52,3,0.48,1,1.62,0.5617851,0.5025952,0.48540986,0.4706692
beach,island,N,5.6,4.79,4.96,4,0.48,1,0.39,0.5988283,0.58199,0.5364052,0.5458489
story,topic,N,5,3.3,2.59,2,0.47,1,1.7,0.45540518,0.34186193,0.40854904,0.34474477
game,fun,N,3.42,4.5,1.97,2,0.47,1,2.07,0.25570637,0.28126165,0.29459944,0.20129535
weekend,week,N,4,3.83,3.48,2,0.47,1,1.57,0.74954516,0.7276473,0.7232173,0.72854936
couple,pair,N,8.33,3.93,3.88,3,0.47,1,1.5,0.5495219,0.49889314,0.5591995,0.49957243
woman,wife,N,5.72,4.46,4.13,3,0.47,1,1.35,0.6034494,0.6026471,0.60298115,0.6027755
sheep,cattle,N,4.77,4.9,4.64,4,0.47,1,0.47,0.86802524,0.91538876,0.833977,0.91301227
purse,bag,N,8.33,4.9,4.9,4,0.47,1,1.39,0.36883336,0.39317802,0.48370475,0.3434658
ceiling,cathedral,N,2.42,4.85,4.86,4,0.46,1,1.57,0.3596017,0.3460909,0.28309706,0.2948838
bean,coffee,N,5.15,5,4.81,4,0.46,1,1.52,0.63835436,0.7220518,0.6798248,0.7563312
wood,paper,N,2.88,4.85,4.93,4,0.44,0,1.55,0.43289343,0.34015414,0.3923617,0.32209504
top,side,N,1.9,3.93,3.68,3,0.43,0,1.29,0.44281176,0.44164905,0.39752042,0.40160772
crime,fraud,N,5.65,3.03,1.68,1,0.42,0,1.18,0.68286943,0.7518541,0.6758612,0.713489
pain,harm,N,5.38,3.5,2.62,2,0.42,0,0.95,0.71549666,0.7122867,0.71932507,0.6730183
lover,companion,N,5.97,3.68,3.75,3,0.42,0,0.8,0.7568296,0.77820873,0.77287275,0.7292221
evening,dusk,N,7.78,3.26,4.24,3,0.42,0,1.32,0.41712746,0.41256425,0.37728438,0.4146465
father,daughter,N,2.62,4.52,4.79,3,0.42,0,1.69,0.69863063,0.72373635,0.67486465,0.68962574
wine,liquor,N,7.85,4.79,4.73,4,0.42,0,0.78,0.6852058,0.63382274,0.6833052,0.6472314
cow,goat,N,2.93,4.96,5,4,0.42,0,0.59,0.7609981,0.78505135,0.80251396,0.7619479
belief,opinion,N,7.7,1.19,1.93,1,0.41,0,1.24,0.6944012,0.6139131,0.6600422,0.5720452
reality,illusion,N,1.42,1.72,2.48,1,0.41,0,1.36,0.45427313,0.58669317,0.46703935,0.44067386
pact,agreement,N,9.02,2.52,2.22,1,0.41,0,1.2,0.7723635,0.771585,0.7473988,0.7489508
wealth,poverty,N,1.27,2.63,2.54,1,0.41,0,1.47,0.5109674,0.55542856,0.5261535,0.55909
accident,emergency,N,4.93,3.26,2.41,2,0.41,0,0.49,0.44328964,0.4851214,0.4426151,0.4992501
battle,conquest,N,7.22,4,2.54,2,0.41,0,0.89,0.45194596,0.5445158,0.44492784,0.48623
friend,teacher,N,2.62,3.07,4.52,3,0.41,0,1.29,0.668401,0.6690798,0.65985644,0.6366204
illness,infection,N,6.9,3.54,4.1,3,0.41,0,1.28,0.74587965,0.74768597,0.74134356,0.6999362
game,trick,N,2.32,4.5,3.36,3,0.41,0,1.02,0.5155622,0.5824174,0.5386122,0.5123305
brother,son,N,3.48,4.43,4.14,3,0.41,0,1.61,0.859557,0.8600739,0.8440568,0.84605634
aunt,nephew,N,3.1,4.17,4.48,3,0.41,0,1.31,0.8353286,0.76599294,0.86123127,0.8005433
worker,mechanic,N,4.92,4.59,4.38,3,0.41,0,1.2,0.46041667,0.29266062,0.47270223,0.38907513
doctor,orthodontist,N,5.58,4.69,4.43,3,0.41,0,1.25,0,0,0,0
oak,maple,N,6.03,4.82,4.46,3,0.41,0,0.39,0.7593553,0.7780627,0.73059326,0.70103914
bee,queen,N,3.27,4.88,4.45,3,0.41,0,1.2,0.27280015,0.3011597,0.2430614,0.30487022
car,bicycle,N,3.47,4.89,4.89,4,0.41,0,1.68,0.638157,0.6226426,0.65878695,0.6425259
goal,quest,N,5.83,3.06,2.87,2,0.4,0,1.31,0.42998514,0.35725066,0.4278437,0.39728677
august,month,N,5.53,3.04,4.2,2,0.4,0,1.54,0.42995122,0.18654549,0.34557393,0.3418753
army,squad,N,5.08,4.7,3.65,3,0.4,0,1.61,0.5009413,0.38582855,0.47064117,0.3906654
cloud,weather,N,4.87,4.54,3.83,3,0.4,0,0.94,0.42087665,0.37194514,0.4303276,0.3717114
physician,doctor,N,8.88,4.65,4.69,3,0.4,0,1.5,0.72632027,0.70077246,0.69422376,0.6380074
canyon,valley,N,6.75,4.81,4.72,4,0.4,0,1.39,0.61696035,0.6003214,0.6552,0.60040367
river,valley,N,1.67,4.89,4.72,4,0.4,0,1.23,0.8253486,0.8825839,0.8129108,0.86857873
sun,sky,N,2.27,4.83,4.45,3,0.39,0,1.67,0.7448216,0.8605251,0.73321587,0.83020514
target,arrow,N,3.25,4.11,4.97,3,0.38,0,1.74,0.37788418,0.36147436,0.34295455,0.3265273
chocolate,pie,N,2.27,4.72,4.92,4,0.38,0,1.79,0.5838972,0.58421326,0.62235045,0.6177127
circumstance,situation,N,7.85,1.77,2.03,1,0.36,0,1.31,0.502475,0.429038,0.47774434,0.29310542
opinion,choice,N,5.43,1.93,1.9,1,0.36,0,1.5,0.45426288,0.42504874,0.42887864,0.43624705
rhythm,melody,N,6.12,3.07,3.71,2,0.36,0,1.27,0.8303397,0.9082909,0.78821844,0.8864574
gut,nerve,N,4.93,4.15,3.89,3,0.36,0,1.65,0.7333423,0.6228545,0.6665433,0.69915825
day,dawn,N,5.47,3.92,4.46,3,0.36,0,1.45,0.421294,0.3346345,0.39444205,0.32684568
cattle,beef,N,7.03,4.64,4.74,3,0.36,0,1.53,0.7986553,0.85822934,0.8110226,0.83152336
doctor,professor,N,4.65,4.69,4.86,4,0.36,0,1.19,0.5153754,0.44779617,0.50046235,0.38840005
arm,vein,N,3.65,4.96,4.63,4,0.36,0,1.62,0.23406401,0.19626841,0.20353162,0.10586105
room,bath,N,3.33,4.79,4.85,4,0.36,0,0.49,0.53891355,0.5531855,0.48868832,0.5348355
corporation,business,N,9.02,2.79,3.28,2,0.35,0,1.44,0.59670925,0.6820498,0.5738871,0.6570619
fun,football,N,1.97,1.97,4.73,2,0.35,0,1.43,0.09763219,0.17706029,0.13992386,0.13553952
hill,cliff,N,4.28,4.93,4.71,4,0.35,0,1.26,0.8288409,0.81724143,0.8356809,0.78286654
bone,ankle,N,3.82,4.9,4.81,4,0.35,0,0.69,0.5219291,0.510736,0.48873004,0.48614293
apple,candy,N,2.08,5,4.83,4,0.35,0,0.75,0.50657785,0.5406566,0.5410841,0.48117298
helper,maid,N,5.58,3.39,4.64,3,0.34,0,0.44,0.6781735,0.5202963,0.64289105,0.49045792
leader,manager,N,7.27,3.89,4.14,3,0.34,0,1.43,0.54920393,0.48821035,0.54238737,0.49071556
lemon,tea,N,1.6,5,4.69,4,0.34,0,1.33,0.7221165,0.8159678,0.7116782,0.7823827
bee,ant,N,2.78,4.88,4.86,4,0.34,0,1.04,0.68236643,0.741179,0.67714363,0.7135569
basketball,baseball,N,4.92,4.97,4.86,4,0.34,0,0.93,0.8096249,0.75791985,0.8144705,0.75386417
rice,bean,N,2.72,4.86,5,4,0.34,0,1.27,0.71942455,0.7584683,0.7551864,0.78518003
bed,furniture,N,6.08,5,4.89,4,0.34,0,0.84,0.4122074,0.31742913,0.4574133,0.39194402
emotion,passion,N,7.72,2.44,2.3,1,0.33,0,1.3,0.5863468,0.55576885,0.56141144,0.52468735
anarchy,chaos,N,7.93,2.12,2.79,1,0.33,0,1.35,0.657372,0.5605533,0.65050155,0.58881694
crime,violation,N,7.12,3.03,2.67,2,0.33,0,0.87,0.40040657,0.50165117,0.38154233,0.4798741
machine,engine,N,5.58,4.25,4.86,3,0.33,0,1.95,0.61610824,0.6870976,0.55558467,0.65406436
beach,sea,N,4.68,4.79,4.79,4,0.33,0,1.08,0.53258497,0.5729277,0.56238365,0.5012256
alley,bowl,N,1.53,4.82,4.87,4,0.33,0,0.51,0.5905082,0.47976646,0.5483054,0.44323626
jar,bottle,N,7.83,5,4.91,4,0.33,0,1.44,0.73250186,0.70582753,0.77093333,0.689766
strength,capability,N,5.28,2.96,1.93,1,0.32,0,1.33,0.61508125,0.57683045,0.5817247,0.56549424
seed,mustard,N,3.48,4.71,4.93,4,0.32,0,0.59,0.51132065,0.6590075,0.5057809,0.6619585
guitar,drum,N,3.78,4.9,4.96,4,0.32,0,1.72,0.73919296,0.8518935,0.72860205,0.81766856
opinion,idea,N,5.7,1.93,1.61,1,0.31,0,1.29,0.63374054,0.44542417,0.5635683,0.4743854
north,west,N,3.63,4.14,3.44,3,0.31,0,1.6,0.9648899,0.95978,0.95674545,0.939968
diet,salad,N,2.98,3.21,4.97,3,0.31,0,1.6,0.3181294,0.52161974,0.36547554,0.4734682
mother,wife,N,3.02,4.6,4.13,3,0.31,0,1.62,0.814341,0.83908397,0.7918627,0.8152662
dad,mother,N,3.55,4.29,4.6,3,0.31,0,1.44,0.61445,0.27166533,0.60656834,0.3103188
captain,sailor,N,5,4.19,4.86,3,0.31,0,1.43,0.5575642,0.588851,0.532858,0.60072315
meter,yard,N,5.6,4.7,4.82,4,0.31,0,1.32,0.6464639,0.5267015,0.62393653,0.45389602
beer,champagne,N,4.45,4.88,4.82,4,0.31,0,1.2,0.23592307,0.3379944,0.3566256,0.39488328
motor,boat,N,2.57,4.84,4.93,4,0.31,0,1.45,0.50542253,0.39705434,0.50366974,0.38108185
card,bridge,N,1.97,4.9,4.97,4,0.31,0,1.69,0.42539176,0.29764935,0.41897455,0.29073268
science,psychology,N,4.92,2.79,2.31,1,0.3,0,1.91,0.748028,0.8103154,0.744333,0.7650277
sinner,saint,N,1.6,3.07,3.45,2,0.3,0,1.39,0.4928659,0.56951886,0.5718105,0.55960506
destruction,construction,N,0.98,3.21,3.72,2,0.3,0,1.69,0.46246025,0.27562416,0.42001182,0.26891264
crowd,bunch,N,7.42,4.52,3.5,3,0.3,0,1.37,0.47081754,0.30920756,0.37748146,0.3010084
beach,reef,N,3.77,4.79,4.7,4,0.3,0,1.85,0.6503512,0.64939326,0.6295861,0.7517423
man,child,N,4.13,4.79,4.78,4,0.3,0,1.34,0.7220818,0.6191439,0.6417145,0.60270953
bread,cheese,N,1.95,4.92,4.7,4,0.3,0,1.52,0.76301134,0.7701108,0.7626588,0.7406248
champion,winner,N,8.73,3.82,3.21,2,0.29,0,1.15,0.67822295,0.7816145,0.6742496,0.7837587
celebration,ceremony,N,7.72,3.47,3.57,2,0.29,0,0.61,0.7307133,0.7200019,0.6947411,0.69912654
menu,order,N,3.62,4.67,2.79,3,0.29,0,1.42,0.23707816,0.14461014,0.20657295,0.10520999
king,princess,N,3.27,4.1,4.72,3,0.29,0,1.7,0.6508177,0.71854395,0.638282,0.67166775
wealth,prestige,N,6.07,2.63,1.61,1,0.28,0,1.55,0.72915006,0.7241625,0.70502615,0.6992396
endurance,strength,N,6.58,2,2.96,1,0.28,0,0.59,0.5884933,0.5953573,0.6202785,0.577101
danger,threat,N,8.78,2.68,2.52,2,0.28,0,1.56,0.7675376,0.72959614,0.7495543,0.70579135
god,priest,N,4.5,2.07,4.77,2,0.28,0,1.2,0.60625386,0.5578924,0.5980585,0.55886066
men,fraternity,N,3.13,4.75,2.46,2,0.28,0,1.11,0.105680235,0.061295975,0.07000469,0.0142211765
buddy,companion,N,8.65,3.48,3.75,2,0.28,0,1.64,0.4738974,0.53921217,0.4486117,0.45572212
teacher,helper,N,4.28,4.52,3.39,3,0.28,0,1.65,0.16805038,0.12911195,0.18904161,0.13951062
body,stomach,N,3.93,4.79,4.89,4,0.28,0,1.15,0.49286774,0.49275255,0.43399116,0.49745724
tongue,throat,N,3.1,4.93,4.97,4,0.28,0,1.31,0.58021843,0.55228084,0.5273019,0.5564085
house,carpet,N,1.38,5,4.96,4,0.28,0,1.44,0.2824077,0.21912996,0.2192887,0.27719253
intelligence,skill,N,5.35,2.24,2.17,1,0.27,0,1.29,0.53871095,0.35699257,0.5167471,0.35792768
journey,conquest,N,4.72,2.57,2.54,1,0.27,0,1.12,0.5994475,0.5330499,0.590188,0.49227923
god,prey,N,1.23,2.07,3.61,2,0.27,0,1.73,0.31846055,0.30840117,0.29548115,0.24147658
brother,soul,N,0.97,4.43,1.86,2,0.27,0,1.18,0.41658756,0.25188607,0.36113447,0.23310031
adversary,opponent,N,9.05,2.93,3.52,2,0.27,0,1.4,0.4979327,0.54851943,0.488444,0.5301854
death,catastrophe,N,4.13,3.73,2.96,2,0.27,0,1.46,0.40433243,0.3257216,0.3614575,0.27833304
monster,demon,N,6.95,3.72,3.32,2,0.27,0,1.5,0.63369423,0.64481634,0.60059446,0.6579565
day,morning,N,4.87,3.92,3.44,2,0.27,0,1.95,0.6721061,0.6554947,0.6333768,0.63040423
man,victor,N,1.9,4.79,2.88,3,0.27,0,1.67,0.3191676,0.21958846,0.29008895,0.20936553
friend,guy,N,3.88,3.07,4.68,3,0.27,0,1.49,0.3919996,0.5038948,0.39425755,0.39956763
song,story,N,3.97,4.46,3.3,3,0.27,0,1.27,0.65991175,0.51849645,0.61868125,0.4911638
ray,sunshine,N,6.83,3.57,4.21,3,0.27,0,1.55,0.39721966,0.24986371,0.45390546,0.29059982
guy,stud,N,5.83,4.68,4,3,0.27,0,1.7,0.08638504,-0.03335014,0.09015357,0.11779284
chicken,rice,N,1.43,4.8,4.86,4,0.27,0,1.47,0.78116786,0.8344878,0.7975356,0.83074605
box,elevator,N,1.32,4.9,4.79,4,0.27,0,1.28,0.39234313,0.4473236,0.37066936,0.40991238
butter,potato,N,1.22,4.9,4.85,4,0.27,0,1.19,0.82638574,0.82461256,0.8176956,0.78575146
apartment,furniture,N,1.28,4.9,4.89,4,0.27,0,1.72,0.4187179,0.3221654,0.42708656,0.38652468
lake,swamp,N,4.92,4.88,4.96,4,0.27,0,1.6,0.58637816,0.5767668,0.62151355,0.6407955
salad,vinegar,N,1.13,4.97,4.89,4,0.27,0,1.65,0.6634146,0.75100005,0.74020857,0.7712601
flower,bulb,N,4.48,5,4.93,4,0.27,0,1.27,0.58649325,0.4562152,0.56542885,0.4003304
cloud,mist,N,6.67,4.54,4.51,3,0.26,0,1.43,0.70847696,0.683337,0.64388955,0.64499867
driver,pilot,N,6.28,4.71,4.67,3,0.26,0,1.52,0.77784795,0.73280686,0.71951604,0.69924825
sugar,honey,N,5.13,4.87,4.88,4,0.26,0,1.07,0.7390196,0.7587845,0.7148301,0.7712092
body,shoulder,N,2.88,4.79,4.93,4,0.25,0,1.47,0.49499875,0.46547902,0.44386595,0.41526383
idea,image,N,3.55,1.61,3.85,2,0.24,0,1.47,0.64029324,0.51272875,0.57301927,0.45194638
father,brother,N,4.2,4.52,4.43,3,0.24,0,1.28,0.7811698,0.8382516,0.75860435,0.8056144
moon,planet,N,5.87,4.9,4.58,4,0.24,0,1.57,0.67184687,0.7209918,0.6798108,0.72026193
ball,costume,N,2.32,5,4.57,4,0.24,0,1.02,0.26290122,0.26243818,0.2571677,0.22299479
rail,fence,N,5.22,4.9,4.82,4,0.24,0,1.17,0.5378646,0.4116769,0.5355561,0.37418926
room,bed,N,2.35,4.79,5,4,0.24,0,1.31,0.65019405,0.6897086,0.62604994,0.6756781
flower,bush,N,4.25,5,4.9,4,0.24,0,1.66,0.5930798,0.53823006,0.58295727,0.52719605
bone,knee,N,4.17,4.9,5,4,0.24,0,1.64,0.55416536,0.519518,0.5547062,0.46936452
arm,knee,N,2.75,4.96,5,4,0.24,0,0.59,0.65140617,0.679174,0.614222,0.6892075
bottom,side,N,2.63,4.25,3.68,3,0.22,0,1.51,0.5546366,0.59280163,0.53572285,0.52348995
vessel,vein,N,5.15,4.66,4.63,3,0.22,0,1.55,0.32250214,0.16832672,0.34789467,0.15191735
cat,rabbit,N,2.37,4.86,4.93,4,0.22,0,1.67,0.64608103,0.74926156,0.6672021,0.69123495
meat,sandwich,N,2.35,4.9,4.9,4,0.22,0,1.69,0.43050814,0.52426344,0.43115687,0.50233346
belief,concept,N,5.08,1.19,1.41,1,0.21,0,1.44,0.5630377,0.5749455,0.5058592,0.51667225
intelligence,insight,N,5.9,2.24,1.72,1,0.21,0,1.59,0.38438946,0.34286025,0.40980792,0.33191118
attention,interest,N,7.22,2.3,1.8,1,0.21,0,1.21,0.57987714,0.61409366,0.5999767,0.5715031
attitude,confidence,N,4.35,1.97,2.17,1,0.21,0,1.22,0.43750343,0.35993752,0.4740514,0.41140318
right,justice,N,7.05,3.47,1.45,1,0.21,0,1.52,0.47846147,0.50153613,0.43899897,0.4288296
argument,agreement,N,1.45,2.85,2.22,1,0.21,0,1.36,0.43827796,0.31517872,0.45229682,0.30005825
depth,magnitude,N,6.12,3.11,2.43,2,0.21,0,1.64,0.663502,0.6848492,0.663263,0.6283473
medium,news,N,3.65,3,3.41,2,0.21,0,1.3,0.21523735,0.07263843,0.21091941,0.070911326
winner,candidate,N,2.78,3.21,3.81,2,0.21,0,1.29,0.6169432,0.59127617,0.59746295,0.5651238
birthday,date,N,5.08,3.2,3.9,2,0.21,0,1.2,0.38464877,0.4720945,0.3536552,0.4479605
fee,payment,N,7.15,3.89,3.91,3,0.21,0,1.56,0.7155458,0.80222017,0.73362225,0.8029875
bible,hymn,N,5.15,4.61,4.04,3,0.21,0,1.08,0.61269176,0.4603083,0.73301065,0.48829105
exit,doorway,N,5.5,3.93,4.75,3,0.21,0,1.73,0.34504655,0.3371778,0.34304526,0.3353989
man,sentry,N,3.25,4.79,4.04,3,0.21,0,1.22,0.10911857,0.09740017,0.14414896,0.2587823
aisle,hall,N,6.35,4.35,4.67,3,0.21,0,0.96,0.37831333,0.38659745,0.25838497,0.36257517
whiskey,gin,N,6.28,4.74,4.46,3,0.21,0,1.14,0.6883608,0.71036524,0.717961,0.6918002
blood,marrow,N,3.4,4.86,4.48,3,0.21,0,1.17,0.51940894,0.76114345,0.5540857,0.66942924
oil,mink,N,1.23,4.93,4.58,4,0.21,0,1.53,0,0,0,0
floor,deck,N,5.55,4.8,4.77,4,0.21,0,1.06,0.75674516,0.7334614,0.7525539,0.74625254
roof,floor,N,2.62,4.79,4.8,4,0.21,0,1.66,0.710847,0.8071986,0.70926327,0.7965513
door,floor,N,1.67,4.81,4.8,4,0.21,0,0.39,0.68384993,0.66686904,0.7007101,0.7050954
shoulder,head,N,3.42,4.93,4.75,4,0.21,0,1.14,0.5136883,0.61138153,0.5001354,0.5606239
wagon,carriage,N,7.7,4.89,4.86,4,0.21,0,1.84,0.78087544,0.7029869,0.7126515,0.7223953
car,carriage,N,5.13,4.89,4.86,4,0.21,0,1.2,0.7373119,0.74366283,0.6939813,0.7252281
elbow,ankle,N,3.13,5,4.81,4,0.21,0,1.48,0.7947028,0.8156071,0.7579688,0.76663625
wealth,fame,N,4.02,2.63,1.96,1,0.2,0,1.1,0.63189834,0.46942577,0.5671881,0.41961867
sorrow,shame,N,4.77,2.36,2.24,1,0.2,0,1.52,0.734678,0.74205685,0.7148489,0.69964015
administration,management,N,7.25,2.78,2.72,2,0.2,0,1.67,0.5421801,0.5307064,0.50718015,0.5103128
communication,conversation,N,8.02,2.9,3.28,2,0.2,0,0.88,0.40891716,0.19193248,0.38198537,0.17244351
pollution,atmosphere,N,4.25,3.75,3.04,2,0.2,0,0.98,0.52835685,0.5546574,0.49860743,0.47376698
anatomy,biology,N,5.33,3.59,3.48,2,0.2,0,1.37,0.7796187,0.8519746,0.75173306,0.78860974
college,profession,N,3.12,4.62,2.83,3,0.2,0,1.41,0.56925094,0.5993922,0.54697126,0.60134476
book,topic,N,2.07,4.9,2.59,3,0.2,0,1.22,0.49543387,0.4763463,0.44963226,0.4499975
formula,equation,N,7.95,4.11,3.65,3,0.2,0,0.56,0.84452677,0.87074125,0.8376775,0.8612947
book,information,N,5,4.9,2.87,3,0.2,0,1.13,0.25491062,0.14879876,0.28960094,0.15048231
boy,partner,N,1.9,4.76,3.53,3,0.2,0,1.54,0.36008397,0.3209545,0.35449487,0.33073854
sky,universe,N,4.68,4.45,3.85,3,0.2,0,1.39,0.55501425,0.49615029,0.5423241,0.48788866
population,people,N,7.68,3.64,4.82,3,0.2,0,0.8,0.54141814,0.5228594,0.49619853,0.4784689
college,class,N,4.13,4.62,3.85,3,0.2,0,1.16,0.31700963,0.2649453,0.24297507,0.2667719
chief,mayor,N,4.85,4.26,4.37,3,0.2,0,1.25,0.5675084,0.6021462,0.55231625,0.60667604
rabbi,minister,N,7.62,4.64,4.22,3,0.2,0,1.35,0.5263086,0.48120177,0.5404114,0.33206534
meter,inch,N,5.08,4.7,4.37,3,0.2,0,1.19,0.7614392,0.76022816,0.7994122,0.75683296
polyester,cotton,N,5.63,4.12,4.97,3,0.2,0,1.53,0.6363104,0.52398705,0.5975505,0.5865355
lawyer,banker,N,1.88,4.7,4.43,3,0.2,0,1.18,0.6944342,0.62242013,0.586525,0.6477244
violin,instrument,N,6.58,4.96,4.27,3,0.2,0,1.39,0.61141974,0.6839448,0.56734544,0.7102138
camp,cabin,N,4.2,4.35,4.92,3,0.2,0,1.2,0.47773096,0.3291256,0.45372787,0.33848652
pot,appliance,N,2.53,4.81,4.57,3,0.2,0,1.26,0.3622653,0.30606532,0.3629825,0.42113099
linen,fabric,N,7.47,4.8,4.63,3,0.2,0,1.26,0.5717331,0.64410204,0.6070668,0.6487551
whiskey,champagne,N,5.33,4.74,4.82,4,0.2,0,1.29,0.63705593,0.5750163,0.7516232,0.6758894
girl,child,N,5.38,4.85,4.78,4,0.2,0,1.21,0.60642445,0.66429067,0.5813992,0.66177225
cottage,cabin,N,7.72,4.85,4.92,4,0.2,0,1.47,0.5022691,0.56208414,0.468255,0.5064656
bird,hen,N,7.03,5,4.9,4,0.2,0,1.43,0.25862217,0.3542391,0.29973447,0.3013475
racket,noise,N,8.1,4.26,3.52,3,0.19,0,1.49,0.35519278,0.37635028,0.37927535,0.45075315
sunset,evening,N,5.98,4.54,3.26,3,0.19,0,1.35,0.6023981,0.5863717,0.6072971,0.5639536
drizzle,rain,N,9.17,4.21,4.97,3,0.19,0,0.39,0.3783843,0.6262217,0.36662441,0.54466504
adult,baby,N,2.22,4.4,5,3,0.19,0,0.39,0.4446535,0.48000088,0.3714562,0.42814144
charcoal,coal,N,7.63,4.85,4.66,4,0.19,0,1.43,0.64489317,0.6841526,0.69817036,0.7211775
body,spine,N,4.78,4.79,4.88,4,0.19,0,1.22,0.54890865,0.5564493,0.50845695,0.5347492
head,nail,N,2.47,4.75,4.93,4,0.19,0,1.4,0.33882222,0.43081886,0.35788873,0.43016732
log,timber,N,8.05,4.96,4.9,4,0.19,0,1.12,0.19713916,0.16863607,0.24715412,0.16251753
spoon,cup,N,2.02,4.96,5,4,0.19,0,0.9,0.47748628,0.5274837,0.44973806,0.48346975
body,nerve,N,3.13,4.79,3.89,3,0.18,0,1.12,0.3784305,0.5062497,0.35434604,0.5382626
man,husband,N,5.32,4.79,4.11,3,0.18,0,1.71,0.5336325,0.48358622,0.4558663,0.448293
bone,neck,N,2.53,4.9,5,4,0.18,0,1.05,0.6682344,0.71425325,0.655731,0.6625572
frustration,anger,N,6.5,2.06,2.41,1,0.17,0,0.39,0.72574574,0.64488983,0.6808311,0.6291187
river,sea,N,5.72,4.89,4.79,4,0.17,0,0.39,0.6940888,0.75428736,0.68056875,0.7557463
task,job,N,8.87,2.84,3.19,2,0.16,0,1.75,0.5702915,0.5101229,0.55743396,0.46209326
club,society,N,5.23,3.78,2.54,2,0.16,0,1.59,0.376304,0.13278496,0.33564886,0.09161301
reflection,image,N,7.27,3.29,3.85,2,0.16,0,1.06,0.44901928,0.45751005,0.41574204,0.46289498
prince,king,N,5.92,4.44,4.1,3,0.16,0,1.05,0.8110651,0.8618564,0.7934607,0.85511583
snow,weather,N,5.48,4.85,3.83,3,0.16,0,1.36,0.6755966,0.72170746,0.6863845,0.7372111
people,party,N,2.2,4.82,3.89,3,0.16,0,1.42,0.28524864,0.24269086,0.28018618,0.23522258
boy,brother,N,6.67,4.76,4.43,3,0.16,0,1.58,0.47032666,0.528627,0.49530435,0.5163621
root,grass,N,3.55,4.34,4.93,3,0.16,0,1.35,0.454095,0.3546312,0.40695822,0.32928294
brow,eye,N,3.82,4.39,4.9,3,0.16,0,1.41,0.38528565,0.47540936,0.37418008,0.44336587
money,pearl,N,2.1,4.54,4.87,3,0.16,0,1.94,-0.014087107,-0.014175549,-0.05780621,-0.05316438
money,diamond,N,3.42,4.54,4.89,3,0.16,0,1.37,0.27857354,0.17495835,0.26730403,0.113384545
vehicle,bus,N,6.47,4.64,4.9,4,0.16,0,1.38,0.64426637,0.63630116,0.6568369,0.6222436
cab,bus,N,5.6,4.88,4.9,4,0.16,0,1.64,0.5398025,0.48096985,0.54405195,0.52120054
house,barn,N,4.33,5,4.79,4,0.16,0,1.6,0.4938577,0.4865714,0.43356752,0.53734803
finger,palm,N,3.33,5,4.83,4,0.16,0,1.5,0.45287916,0.494017,0.44820094,0.45909217
car,bridge,N,0.95,4.89,4.97,4,0.16,0,1.2,0.5872472,0.5011057,0.5731653,0.4936322
effort,difficulty,N,4.45,2.33,1.9,1,0.15,0,1.22,0.47926983,0.2898711,0.48074123,0.30913767
fact,insight,N,4.77,2.72,1.72,1,0.15,0,1.11,0.21302266,0.124517485,0.21121334,0.15120634
job,management,N,3.97,3.19,2.72,2,0.15,0,1.33,0.47708142,0.5588915,0.46897525,0.49250343
cancer,sickness,N,7.93,3.86,3.45,2,0.15,0,1.57,0.668823,0.65209144,0.6668306,0.6260823
word,newspaper,N,2.47,3.56,4.82,3,0.15,0,0.94,0.16585673,0.18291137,0.11592452,0.14485407
composer,writer,N,6.58,4.37,4.32,3,0.15,0,0.8,0.86555845,0.787048,0.8429596,0.75710505
actor,singer,N,4.52,4.57,4.62,3,0.15,0,1.26,0.7439462,0.75087595,0.7588262,0.74756813
shelter,hut,N,6.47,4.64,4.65,3,0.15,0,1.59,0.5042962,0.33746487,0.41103855,0.32850853
bathroom,kitchen,N,3.1,4.52,4.97,4,0.15,0,1.22,0.63985914,0.5968612,0.7016604,0.5945761
cabin,hut,N,6.53,4.92,4.65,4,0.15,0,1.37,0.588067,0.5571907,0.6094514,0.5530109
door,kitchen,N,1.67,4.81,4.97,4,0.15,0,0.44,0.5893202,0.5557661,0.57976234,0.5581804
value,belief,N,7.07,1.62,1.19,1,0.14,0,0.95,0.36574787,0.28847522,0.35068306,0.26942337
wisdom,intelligence,N,7.47,1.53,2.24,1,0.14,0,1.33,0.44988245,0.29286903,0.4613909,0.22104467
ignorance,intelligence,N,1.5,1.6,2.24,1,0.14,0,1.3,0.41646117,0.3575293,0.41435263,0.34799966
happiness,luck,N,2.38,2.6,1.33,1,0.14,0,1.2,0.7300441,0.61220497,0.68151337,0.59563404
idea,scheme,N,6.75,1.61,2.41,1,0.14,0,1.47,0.4719264,0.3704981,0.45846143,0.32625294
mood,emotion,N,8.12,1.75,2.44,1,0.14,0,1.64,0.75615853,0.72884214,0.70547694,0.69916797
happiness,peace,N,6.03,2.6,1.62,1,0.14,0,1.35,0.498501,0.4212571,0.4965169,0.45363253
despair,misery,N,7.22,2.21,2.04,1,0.14,0,1.06,0.601718,0.5887056,0.647303,0.62171835
logic,arithmetic,N,3.97,1.72,2.74,1,0.14,0,1.81,0.74625945,0.73805887,0.7338722,0.75808656
denial,confession,N,1.03,2.46,2.4,1,0.14,0,1.64,0.6504527,0.5441852,0.6536202,0.52232504
argument,criticism,N,5.08,2.85,2.07,1,0.14,0,1.07,0.5627648,0.56644434,0.56394446,0.5406068
aggression,hostility,N,8.48,2.68,2.24,1,0.14,0,0.44,0.64017874,0.52190274,0.6036429,0.5247501
hysteria,confusion,N,6.33,2.86,2.24,1,0.14,0,0.44,0.42501405,0.28741086,0.47468132,0.16742076
chemistry,theory,N,3.17,3.64,1.47,1,0.14,0,1.4,0.56644714,0.58754647,0.5185246,0.56490046
trial,verdict,N,3.33,3.07,2.19,2,0.14,0,1.18,0.7127464,0.8245202,0.6861852,0.73496187
comfort,safety,N,5.8,2.89,2.37,2,0.14,0,1.21,0.5945241,0.5063319,0.617904,0.521806
confidence,self,N,3.12,2.17,3.1,2,0.14,0,1.24,0.3797021,0.32767454,0.33247802,0.34375438
vision,perception,N,6.88,3.39,2,2,0.14,0,1.31,0.72589636,0.77541417,0.68880004,0.7601574
era,decade,N,5.4,2.24,3.19,2,0.14,0,1.02,0.5231946,0.5387821,0.51235116,0.52647984
biography,fiction,N,1.38,3.39,2.14,2,0.14,0,1.24,0.5361064,0.44479004,0.52450836,0.46998864
discussion,argument,N,5.48,3.07,2.85,2,0.14,0,1.43,0.5503058,0.5849396,0.5432015,0.55970913
code,symbol,N,6.03,3,3.11,2,0.14,0,1.67,0.41496462,0.26914653,0.39146778,0.3162105
danger,disease,N,3,2.68,3.45,2,0.14,0,0.44,0.5171072,0.44600922,0.5171041,0.46195883
accident,catastrophe,N,5.9,3.26,2.96,2,0.14,0,1.63,0.5365276,0.29730925,0.4934523,0.26126847
journey,trip,N,8.88,2.57,3.71,2,0.14,0,1.14,0.8574805,0.83649886,0.8429338,0.8047679
activity,movement,N,7.15,2.72,3.63,2,0.14,0,1.1,0.5293286,0.40791202,0.4860291,0.39122358
gossip,news,N,5.22,3,3.41,2,0.14,0,1.21,0.39299268,0.46048313,0.37800157,0.46397686
father,god,N,3.57,4.52,2.07,2,0.14,0,1.31,0.4749636,0.4573402,0.47213894,0.38562816
action,course,N,5.45,2.86,3.82,2,0.14,0,1.75,0.4586546,0.39292008,0.42798617,0.33977342
fever,illness,N,7.65,3.27,3.54,2,0.14,0,1.54,0.62321085,0.7087389,0.61870664,0.6685187
aviation,flight,N,8.18,3.39,3.9,2,0.14,0,1.83,0.37504417,0.3972786,0.33860588,0.4274487
game,action,N,4.85,4.5,2.86,2,0.14,0,1.12,0.40501952,0.34523994,0.36296445,0.3279362
molecule,air,N,3.05,3.27,4.11,2,0.14,0,1.84,0.27343017,0.30028182,0.2766719,0.2780935
home,state,N,2.58,4.11,3.52,3,0.14,0,1.6,0.18389674,0.05704211,0.13831279,0.07896121
word,literature,N,4.77,3.56,4.1,3,0.14,0,0.59,0.41125962,0.37183616,0.38718936,0.35283098
adult,guardian,N,6.9,4.4,3.28,3,0.14,0,1.19,0.29832727,0.12433846,0.25999132,0.116316155
newspaper,information,N,5.65,4.82,2.87,3,0.14,0,1.31,0.12420851,0.055053823,0.09959049,0.03145948
communication,television,N,5.6,2.9,4.83,3,0.14,0,1.27,0.3256944,0.3090626,0.29286104,0.29662654
cousin,uncle,N,4.63,3.7,4.24,3,0.14,0,1.84,0.8079721,0.86848027,0.7911328,0.8421447
author,reader,N,1.6,4.26,3.89,3,0.14,0,1.47,0.39983973,0.49991825,0.429864,0.4627771
guy,partner,N,3.57,4.68,3.53,3,0.14,0,1.24,0.33153337,0.301446,0.4031127,0.20981658
area,corner,N,2.07,3.72,4.61,3,0.14,0,1.41,0.4767854,0.47299603,0.4608055,0.46340543
ballad,song,N,7.53,3.88,4.46,3,0.14,0,0.84,0.61127317,0.7080275,0.6046372,0.66796076
wall,decoration,N,2.62,4.86,3.53,3,0.14,0,0.89,0.39406437,0.464961,0.39090607,0.37755844
word,page,N,2.92,3.56,4.9,3,0.14,0,0.99,0.2918604,0.2530528,0.28028357,0.1937022
nurse,scientist,N,2.08,4.39,4.24,3,0.14,0,1.06,0.53072816,0.4642871,0.55445635,0.44007218
politician,president,N,7.38,4.33,4.4,3,0.14,0,1.05,0.5406897,0.6327039,0.5526724,0.57001984
president,mayor,N,5.68,4.4,4.37,3,0.14,0,1.4,0.7963104,0.7573867,0.772366,0.7508239
book,essay,N,4.72,4.9,3.97,3,0.14,0,1.3,0.78920066,0.79924184,0.72109807,0.77013403
man,warrior,N,4.72,4.79,4.17,3,0.14,0,1.03,0.6720657,0.6381531,0.56690145,0.6207236
article,journal,N,6.18,4.33,4.63,3,0.14,0,1.45,0.55534935,0.6075544,0.5406625,0.6082134
breakfast,supper,N,4.4,4.43,4.63,3,0.14,0,1.47,0.6137721,0.7062227,0.6291445,0.6470823
crowd,parade,N,3.93,4.52,4.54,3,0.14,0,1.05,0.42480096,0.55348253,0.43144375,0.52667826
aisle,hallway,N,6.75,4.35,4.74,3,0.14,0,1.36,0,0,0,0
teacher,rabbi,N,4.37,4.52,4.64,3,0.14,0,1.12,0.5816807,0.54556197,0.56130046,0.49316916
hip,lip,N,1.43,4.21,4.96,3,0.14,0,1.45,0.36248836,0.27877784,0.3731427,0.25518185
book,article,N,5.43,4.9,4.33,3,0.14,0,0.95,0.7205737,0.6960801,0.6908065,0.6448415
room,cell,N,4.58,4.79,4.44,3,0.14,0,1.28,0.3774756,0.30526543,0.37018567,0.2675055
box,booth,N,3.8,4.9,4.42,3,0.14,0,1.38,0.5444523,0.43308318,0.562488,0.47939947
daughter,kid,N,4.17,4.79,4.56,3,0.14,0,1.24,0.4824565,0.46663922,0.516042,0.42768756
limb,leg,N,6.9,4.64,4.83,4,0.14,0,1.23,0.60206616,0.59210384,0.57517475,0.5836109
liver,lung,N,2.7,4.68,4.82,4,0.14,0,1.38,0.8405042,0.7699625,0.7959904,0.7852681
classroom,hallway,N,2,4.76,4.74,4,0.14,0,1.23,0,0,0,0
mountain,ledge,N,3.73,4.96,4.72,4,0.14,0,1.21,0.41785735,0.43228805,0.4230145,0.37906206
car,elevator,N,1.03,4.89,4.79,4,0.14,0,1.19,0.48801288,0.6443849,0.48817074,0.58808464
bed,couch,N,3.42,5,4.71,4,0.14,0,1.85,0.5361131,0.5492669,0.50575024,0.51252776
clothes,button,N,2.3,4.76,4.96,4,0.14,0,1.44,0.41543093,0.2820301,0.41710478,0.27794328
clothes,coat,N,5.35,4.76,4.97,4,0.14,0,1.37,0.62520856,0.6032781,0.5955449,0.58253425
kidney,organ,N,6.17,4.96,4.77,4,0.14,0,0.95,0.29234058,0.3183536,0.30989906,0.3507287
apple,sauce,N,1.43,5,4.75,4,0.14,0,2.11,0.5610617,0.51934725,0.54478973,0.54328173
chicken,steak,N,3.73,4.8,4.96,4,0.14,0,1.39,0.69829077,0.7665438,0.7093394,0.7659691
car,hose,N,0.87,4.89,4.87,4,0.14,0,0.78,0.40848,0.3687637,0.41176644,0.40218815
tobacco,cigarette,N,7.5,4.88,4.88,4,0.14,0,1.49,0.5616858,0.46611097,0.50861615,0.38418627
student,professor,N,1.95,4.92,4.86,4,0.14,0,1.13,0.6612583,0.7369528,0.6420795,0.70264435
baby,daughter,N,5,5,4.79,4,0.14,0,1.29,0.5822377,0.58832943,0.582637,0.5585823
pipe,cigar,N,6.03,4.88,4.93,4,0.14,0,1.01,0.48858625,0.32523543,0.45724702,0.25788832
milk,juice,N,4.05,4.92,4.89,4,0.14,0,1.46,0.82436,0.90585786,0.81520474,0.8889441
box,cigar,N,1.25,4.9,4.93,4,0.14,0,1.89,0.27621925,0.12234067,0.24983719,0.20558913
apartment,hotel,N,3.33,4.9,4.93,4,0.14,0,1.18,0.70048404,0.689365,0.65713024,0.66580045
cup,cone,N,3.17,5,4.86,4,0.14,0,1.13,0.4123233,0.31963882,0.40728822,0.36022264
horse,ox,N,3.02,5,4.86,4,0.14,0,1.18,0.2856522,0.45470878,0.28499535,0.43537036
throat,nose,N,2.8,4.97,4.89,4,0.14,0,1.12,0.77496594,0.7443293,0.80818355,0.7186941
bone,teeth,N,4.17,4.9,4.96,4,0.14,0,1.92,0.61486435,0.7676324,0.64055455,0.7618416
bone,elbow,N,3.78,4.9,5,4,0.14,0,1.58,0.52528703,0.49342826,0.4984853,0.4389618
bacon,bean,N,1.22,4.9,5,4,0.14,0,0.92,0.7754277,0.7582305,0.79091054,0.7788155
cup,jar,N,5.13,5,5,4,0.14,0,1.17,0.45018262,0.4606245,0.4217678,0.4350039
proof,fact,N,7.3,2.67,2.72,2,0.13,0,1.7,0.47592863,0.43449524,0.4566657,0.43274674
appointment,engagement,N,6.75,3,2.75,2,0.13,0,1.59,0.5663056,0.3673786,0.5027486,0.4179806
birthday,year,N,1.67,3.2,3.25,2,0.13,0,1.69,0.4764291,0.48661274,0.47172976,0.451213
word,clue,N,2.53,3.56,2.93,2,0.13,0,1.65,0.15523794,0.2295038,0.20421948,0.19151019
author,creator,N,8.02,4.26,3.07,2,0.13,0,1.5,0.6605279,0.61495596,0.67689866,0.61510485
atom,carbon,N,3.1,3.34,4.22,3,0.13,0,0.93,0.6822431,0.7179148,0.67041594,0.6790952
archbishop,bishop,N,7.05,4.14,4.21,3,0.13,0,1.59,0.7522594,0.81645745,0.75771815,0.80659956
letter,paragraph,N,4,4.7,3.96,3,0.13,0,1.12,0.5104566,0.54295146,0.48157972,0.52761954
page,paragraph,N,3.03,4.9,3.96,3,0.13,0,1.37,0.67414045,0.50177693,0.6674695,0.49423176
steeple,chapel,N,7.08,4.74,4.6,3,0.13,0,1.03,0,0,0,0
muscle,bone,N,3.65,4.5,4.9,3,0.13,0,1.68,0.7205222,0.79541945,0.74559754,0.79594755
muscle,tongue,N,5,4.5,4.93,3,0.13,0,1.65,0.24719067,0.31730637,0.277947,0.28652608
boy,soldier,N,2.15,4.76,4.72,4,0.13,0,1.51,0.641941,0.5543641,0.6259589,0.54064167
belly,abdomen,N,8.13,4.8,4.7,4,0.13,0,1.53,0.76147026,0.72328633,0.77275544,0.75685143
guy,girl,N,3.33,4.68,4.85,4,0.13,0,1.9,0.58377415,0.63153446,0.6037349,0.60311395
bed,chair,N,3.5,5,4.58,4,0.13,0,1.26,0.3866615,0.23450927,0.46273983,0.23269847
clothes,jacket,N,5.15,4.76,4.86,4,0.13,0,0.74,0.6206003,0.6658262,0.59833115,0.63302433
gun,knife,N,3.65,4.83,4.9,4,0.13,0,1.03,0.61317754,0.6081144,0.59775895,0.58067083
tin,metal,N,5.63,4.87,4.87,4,0.13,0,1.15,0.60938627,0.6174946,0.5434579,0.562333
bottle,container,N,7.93,4.91,4.85,4,0.13,0,1.38,0.66717285,0.7347734,0.6251789,0.6689148
hen,turkey,N,6.13,4.9,4.89,4,0.13,0,1.6,0.76262563,0.6998475,0.7084343,0.6516122
meat,bread,N,1.67,4.9,4.92,4,0.13,0,1.62,0.8397166,0.8645886,0.839561,0.81377214
arm,bone,N,3.83,4.96,4.9,4,0.13,0,1.94,0.40039974,0.44483545,0.4033944,0.42775726
neck,spine,N,5.32,5,4.88,4,0.13,0,1.16,0.79929954,0.7902759,0.76601815,0.79765356
apple,lemon,N,4.05,5,5,4,0.13,0,1.58,0.5170164,0.58257544,0.5192176,0.5955617
agony,grief,N,7.63,2.38,2.7,1,0.12,0,1.94,0.590714,0.55752736,0.62661415,0.55927044
assignment,task,N,8.7,3.86,2.84,2,0.12,0,1.37,0.56667423,0.5818987,0.59266555,0.5502141
night,dawn,N,2.95,4.52,4.46,3,0.12,0,1.53,0.6011539,0.5940895,0.53788215,0.5856399
dinner,soup,N,3.72,4.5,4.72,3,0.12,0,1.89,0.2560566,0.23775019,0.25061542,0.23545547
calf,bull,N,4.93,4.48,4.85,3,0.12,0,1.67,0.7001632,0.62034893,0.64746475,0.60494286
snow,storm,N,4.8,4.85,4.7,4,0.12,0,0.88,0.5688957,0.57412326,0.53150237,0.6044965
nail,hand,N,3.42,4.93,4.72,4,0.12,0,1.14,0.35700163,0.38543323,0.3341983,0.33433568
dog,horse,N,2.38,4.85,5,4,0.12,0,1.39,0.8155771,0.8149633,0.7995897,0.77950907
arm,neck,N,1.58,4.96,5,4,0.12,0,0.72,0.7182957,0.7424352,0.72533864,0.7720792
ball,glove,N,1.75,5,4.97,4,0.12,0,1.27,0.41575843,0.5564859,0.37923107,0.53572744
flu,fever,N,6.08,3.65,3.27,2,0.11,0,1.58,0.57090294,0.7156578,0.53159666,0.70098823
fee,salary,N,3.72,3.89,3.69,3,0.11,0,1.26,0.73958826,0.72468317,0.74092793,0.6937596
nerve,brain,N,3.88,3.89,4.69,3,0.11,0,1.74,0.682657,0.78236175,0.698013,0.75310063
beast,animal,N,7.83,4.63,4.61,3,0.11,0,1.64,0.39063513,0.42906642,0.39746058,0.39603743
dinner,chicken,N,2.85,4.5,4.8,3,0.11,0,1.5,0.17857404,0.19615981,0.17979714,0.18927678
girl,maid,N,2.93,4.85,4.64,4,0.11,0,0.9,0.5573117,0.66502243,0.49812868,0.58627814
child,boy,N,5.75,4.78,4.76,4,0.11,0,1.82,0.6644135,0.71881306,0.6453692,0.6987579
alcohol,wine,N,7.42,4.76,4.79,4,0.11,0,1.53,0.5663654,0.6001068,0.5641874,0.60475725
nose,mouth,N,3.73,4.89,4.74,4,0.11,0,1.5,0.73983383,0.74357057,0.72475505,0.7276331
street,car,N,2.38,4.75,4.89,4,0.11,0,1.16,0.5628842,0.4641525,0.5210656,0.46217394
bell,door,N,2.2,4.96,4.81,4,0.11,0,1.46,0.5439713,0.6101788,0.5528866,0.5604167
box,hat,N,1.3,4.9,4.88,4,0.11,0,1.15,0.5153193,0.4037626,0.4871715,0.34651232
belief,impression,N,5.95,1.19,2.23,1,0.1,0,0.72,0.5327276,0.4832649,0.5026002,0.47903022
bias,opinion,N,5.6,1.68,1.93,1,0.1,0,1.16,0.4289822,0.4640164,0.41772452,0.47465575
attention,awareness,N,8.73,2.3,1.84,1,0.1,0,1.64,0.5780874,0.5297494,0.5276749,0.504199
anger,mood,N,4.1,2.41,1.75,1,0.1,0,1.87,0.43966565,0.3804181,0.41414413,0.38311157
elegance,style,N,5.72,2.18,2.67,1,0.1,0,1.76,0.32903138,0.3431639,0.32581794,0.33318627
beauty,age,N,1.58,2.93,2.86,2,0.1,0,1.54,0.10375751,0.102299005,0.10149543,0.13852364
book,theme,N,2.58,4.9,2.72,3,0.1,0,0.81,0.5037822,0.51975465,0.44036862,0.49543014
friend,mother,N,2.53,3.07,4.6,3,0.1,0,1.54,0.5825735,0.59504384,0.54258907,0.56721276
vitamin,iron,N,5.55,4.48,4.59,3,0.1,0,1.14,0.4704553,0.48663783,0.41252244,0.45199004
car,factory,N,2.75,4.89,4.76,4,0.1,0,1.43,0.65706635,0.70487654,0.65010214,0.7258828
pact,condition,N,2.45,2.52,2.15,1,0,0,1.59,0.3155438,0.23568429,0.32777226,0.29150307
chapter,choice,N,0.48,3.43,1.9,2,0,0,0.86,0.14085574,0.09368148,0.1370467,0.08552111
arithmetic,rhythm,N,2.35,2.74,3.07,2,0,0,2.08,0.3416504,0.30409977,0.37945527,0.24905005
winner,presence,N,1.08,3.21,2.72,2,0,0,1.12,-0.021001348,-0.23593286,0.033293545,-0.23513998
belief,flower,N,0.4,1.19,5,2,0,0,1.19,0.22060595,0.12443211,0.23183548,0.117503434
winner,goal,N,3.23,3.21,3.06,2,0,0,1.67,0.5591693,0.5004747,0.55481064,0.46446416
trick,size,N,0.48,3.36,3.13,2,0,0,0.59,0.2438519,0.1317657,0.26496065,0.08716062
choice,vein,N,0.98,1.9,4.63,2,0,0,1.11,0.20301735,0.16100034,0.24207841,0.075526506
hymn,conquest,N,0.68,4.04,2.54,2,0,0,0.88,0.14054754,0.046267007,0.06400237,0.027482605
endurance,band,N,0.4,2,4.68,2,0,0,0.44,0.060368743,0.008130835,0.048022963,-0.04459079
jail,choice,N,1.08,4.83,1.9,2,0,0,1.08,0.14693506,0.08968294,0.11167533,0.03544584
condition,boy,N,0.48,2.15,4.76,2,0,0,0.8,0.3840013,0.27136487,0.3485161,0.2674076
flower,endurance,N,0.4,5,2,2,0,0,1.7,0.32154378,0.20791946,0.34557498,0.17340702
hole,agreement,N,0.3,4.81,2.22,2,0,0,1.72,0.14831568,-0.003390671,0.11921721,0.0024577342
doctor,temper,N,0.48,4.69,2.56,2,0,0,1.44,0.33035997,0.43469262,0.38256127,0.40152514
fraternity,door,N,0.68,2.46,4.81,2,0,0,0.94,0.1555828,0.11444306,0.11671427,0.06751059
task,woman,N,0.68,2.84,4.46,2,0,0,0.34,0.40622312,0.15733217,0.373544,0.13515805
fraternity,baseball,N,0.88,2.46,4.86,2,0,0,0.98,0.2631154,0.3369398,0.34023073,0.2813049
cent,size,N,0.4,4.19,3.13,2,0,0,1.24,0.34363207,0.29743108,0.27702713,0.27364916
presence,door,N,0.48,2.72,4.81,3,0,0,0.83,0.1535688,0.0192015,0.17363904,0.06541473
mouse,management,N,0.48,4.83,2.72,3,0,0,1.59,0.314058,0.15120892,0.29839617,0.15213923
task,highway,N,0.48,2.84,4.72,3,0,0,1.34,0.26414463,0.16427164,0.2556788,0.14040881
liquor,century,N,0.4,4.73,2.83,3,0,0,1.31,0.10415618,-0.027647447,0.041701403,-0.015522827
task,straw,N,0.68,2.84,4.77,3,0,0,1.53,0.18432622,0.16932042,0.26373422,0.2083457
island,task,N,0.3,4.96,2.84,3,0,0,0.96,0.23670603,0.085187376,0.27474752,0.0956767
night,chapter,N,0.48,4.52,3.43,3,0,0,0.92,0.15900828,0.09470832,0.1710592,0.07079014
pollution,president,N,0.68,3.75,4.4,3,0,0,1.6,-0.14862947,-0.15430816,-0.102839954,-0.11043494
gun,trick,N,0.48,4.83,3.36,3,0,0,1.41,0.4544202,0.35800722,0.46046597,0.29115078
bath,trick,N,0.58,4.85,3.36,3,0,0,1.28,0.5510247,0.41386107,0.52346015,0.41878152
diet,apple,N,1.18,3.21,5,3,0,0,1.56,0.3632879,0.426675,0.34567478,0.40424848
cent,wife,N,0.58,4.19,4.13,3,0,0,1.7,0.26923925,0.27402177,0.24970819,0.23400374
chapter,tail,N,0.3,3.43,4.96,3,0,0,1.57,0.11556855,-0.0835712,0.050726417,-0.077590056
course,stomach,N,0.58,3.82,4.89,3,0,0,0.87,0.2784582,0.09811661,0.20439756,0.119917445
hymn,straw,N,0.4,4.04,4.77,3,0,0,1.64,0.28168505,0.13031408,0.4246456,0.1566451
dentist,colonel,N,0.4,4.93,3.89,3,0,0,1.7,0.6784882,0.2741422,0.55419457,0.4075409
wife,straw,N,0.4,4.13,4.77,3,0,0,1.53,0.28951424,0.1556958,0.27366567,0.15902653
hole,wife,N,0.68,4.81,4.13,3,0,0,1.18,0.1902158,0.09113639,0.17221494,0.080391794
pupil,president,N,0.78,4.55,4.4,3,0,0,1.28,0.39376312,0.1645323,0.42254332,0.17905645
bath,wife,N,0.48,4.85,4.13,3,0,0,1.42,0.36931235,0.38471046,0.35575452,0.35278782
people,cent,N,0.48,4.82,4.19,3,0,0,1.61,0.28645483,0.2938138,0.27033913,0.25417775
formula,log,N,1.77,4.11,4.96,3,0,0,1.51,0.46077597,0.35933858,0.39780462,0.38955912
woman,fur,N,0.58,4.46,4.69,3,0,0,0.99,0.16271055,0.19594233,0.18588099,0.15035301
apple,sunshine,N,0.58,5,4.21,3,0,0,1.2,0.30674502,0.23207916,0.31739876,0.23090947
gun,dawn,N,1.18,4.83,4.46,3,0,0,1.57,0.03619,-0.07410209,0.036771446,-0.062287394
meal,waist,N,0.98,4.62,4.72,3,0,0,1.58,0.41292745,0.4059762,0.4224763,0.42868528
camera,president,N,0.48,5,4.4,3,0,0,1.56,0.03766987,-0.12262564,-0.010948897,-0.114700116
liquor,band,N,0.68,4.73,4.68,3,0,0,0.91,0.14013223,0.07283763,0.15546912,0.05245444
stomach,vein,N,2.35,4.89,4.63,4,0,0,1.2,0.32560703,0.24337456,0.31435916,0.23188508
gun,fur,N,0.3,4.83,4.69,4,0,0,1.8,0.40076068,0.19342382,0.3419198,0.14589565
couch,baseball,N,0.88,4.71,4.86,4,0,0,1.32,0.26934776,0.09619301,0.18564773,0.09660145
worker,camera,N,0.68,4.59,5,4,0,0,1.21,0.31331423,0.072909966,0.33012545,0.19097774
deck,mouse,N,0.48,4.77,4.83,4,0,0,1.48,0.6325374,0.51043135,0.6057349,0.500201
rice,boy,N,0.4,4.86,4.76,4,0,0,1.72,0.11434986,0.12280474,0.18241532,0.15862353
people,gun,N,0.68,4.82,4.83,4,0,0,1.47,0.12312796,-0.002838873,0.09619002,-0.01779065
cliff,tail,N,0.3,4.71,4.96,4,0,0,1.57,0.66647017,0.6285874,0.6765916,0.5486779
ankle,window,N,0.3,4.81,4.86,4,0,0,1.8,0.44565943,0.53082466,0.4089878,0.52488893
princess,island,N,0.3,4.72,4.96,4,0,0,1.36,0.2652294,0.28559393,0.22791591,0.26549184
container,mouse,N,0.3,4.85,4.83,4,0,0,0.95,0.56009597,0.35643676,0.55945766,0.33514875
wagon,container,N,2.65,4.89,4.85,4,0,0,0.85,0.6793394,0.54012376,0.6353116,0.60877377
people,balloon,N,0.48,4.82,4.92,4,0,0,1.96,0.080647245,-0.041071147,0.038523782,-0.04591165
dollar,people,N,0.4,4.93,4.82,4,0,0,1.42,0.1274819,0.11718511,0.13646688,0.13669913
bath,balloon,N,0.4,4.85,4.92,4,0,0,1.41,0.64227015,0.48118532,0.616746,0.5188817
stomach,bedroom,N,0.4,4.89,4.9,4,0,0,0.97,0.52369314,0.42031875,0.42089468,0.43067276
bicycle,bedroom,N,0.4,4.89,4.9,4,0,0,1.47,0.4031431,0.34867957,0.41572398,0.3282678
log,bath,N,0.4,4.96,4.85,4,0,0,1.63,0.45887023,0.3907295,0.47191027,0.30078033
bowl,tail,N,0.48,4.87,4.96,4,0,0,1,0.6830318,0.72514164,0.6740763,0.7278498
go,come,V,2.42,3.15,2.72,2,5.75,1,1.51,0.6836905,0.63721305,0.6520248,0.58404607
take,steal,V,6.18,3.06,3.84,2,3.28,1,1.69,0.58245635,0.48602292,0.56682885,0.4293186
listen,hear,V,8.17,3.47,3.66,2,3.22,1,1.72,0.79096866,0.7605461,0.7697366,0.6983003
think,rationalize,V,8.25,2.41,1.52,1,3.17,1,1.13,0.55377793,0.5150527,0.47797087,0.46534654
occur,happen,V,9.32,1.84,1.78,1,2.87,1,1.34,0.786796,0.7116264,0.7741839,0.720934
vanish,disappear,V,9.8,2.77,2.86,2,2.76,1,0.46,0.7322417,0.43171668,0.77801347,0.42839786
multiply,divide,V,1.75,2.79,2.86,2,2.53,1,1.32,0.5089308,0.4894379,0.53938,0.4034906
plead,beg,V,9.08,2.59,2.96,2,2.5,1,1.26,0.7359151,0.63494647,0.71282685,0.56582105
begin,originate,V,8.2,2.56,2.23,1,2.44,1,0.75,0.38114992,0.13237518,0.34042555,0.14320257
protect,defend,V,9.13,2.86,2.31,1,2.28,1,1.29,0.85398793,0.8025165,0.8515289,0.7555065
kill,destroy,V,5.9,3.9,3.08,2,2,1,1.93,0.81908554,0.79035974,0.7932419,0.76471496
create,make,V,8.72,2.62,2.67,2,1.72,1,1.14,0.7085385,0.65107995,0.6552263,0.6175704
accept,reject,V,0.83,3.03,2.4,2,1.69,1,1.28,0.8461203,0.760239,0.82193685,0.77279776
ignore,avoid,V,6.87,2.22,2.41,1,1.56,1,1.22,0.6547875,0.66306216,0.6610885,0.6784603
carry,bring,V,5.8,4.04,2.55,2,1.37,1,1.24,0.68557125,0.6768691,0.6512743,0.58384484
leave,enter,V,0.95,2.53,3.12,2,1.3,1,1.91,0.7537166,0.7627024,0.75939685,0.7418695
choose,elect,V,7.62,2.62,2.41,1,1.28,1,1.14,0.7361901,0.65765506,0.7036376,0.62865955
lose,fail,V,7.33,2.25,3,2,1.28,1,1.79,0.6433125,0.63725615,0.61618143,0.59501064
encourage,discourage,V,1.58,2.61,1.9,1,1.23,1,1.55,0.82648176,0.77284133,0.8077487,0.7171815
achieve,accomplish,V,8.57,2.29,2.33,1,1.22,1,0.94,0.75808215,0.73211294,0.7544616,0.68590426
make,construct,V,8.33,2.67,2.6,2,1.2,1,0.85,0.58268476,0.5485876,0.5909724,0.5656192
listen,obey,V,4.93,3.47,2.67,2,1.19,1,1.33,0.6832333,0.45105568,0.71538556,0.41365358
inform,notify,V,9.25,2.25,3.04,2,1.15,1,0.44,0.79321635,0.55254173,0.818996,0.6463736
receive,give,V,1.47,2.69,2.83,2,1.11,1,1.19,0.77189916,0.62112164,0.75470996,0.6076275
borrow,beg,V,2.62,3.1,2.96,2,1,1,1.89,0.5593338,0.29343635,0.5294195,0.41992322
take,obtain,V,7.1,3.06,3,2,0.9,1,1.01,0.57068473,0.5262823,0.5660264,0.49638847
advise,recommend,V,8.1,2.03,1.74,1,0.89,1,1.6,0.7331087,0.6390698,0.65962255,0.6307815
imitate,portray,V,6.75,2.66,2.18,1,0.89,1,1.13,0.82889545,0.6190486,0.7918873,0.64053583
win,succeed,V,7.9,2.67,2.33,1,0.89,1,1.83,0.5830368,0.54642135,0.6052717,0.5345729
think,decide,V,5.13,2.41,1.92,1,0.88,1,1.4,0.42960784,0.41337714,0.40815714,0.35081318
greet,meet,V,6.17,2.96,3,2,0.83,1,1.73,0.5131527,0.26860574,0.5189766,0.36448622
agree,argue,V,0.77,2.31,2.75,1,0.81,1,1.68,0.67894256,0.6482207,0.67290837,0.6443222
enjoy,entertain,V,5.92,2.29,2.55,1,0.79,1,1.27,0.6367198,0.5648583,0.6624197,0.51348007
destroy,make,V,1.6,3.08,2.67,2,0.78,1,1.72,0.6167794,0.521994,0.5846321,0.49709412
save,protect,V,6.58,2.42,2.86,2,0.74,1,0.44,0.68657565,0.6017774,0.66351765,0.58611834
give,lend,V,7.22,2.83,3.07,2,0.72,1,0.93,0.718448,0.73077464,0.70593697,0.71040666
understand,know,V,7.47,2.28,1.68,1,0.71,1,1.26,0.7574801,0.6906528,0.7284538,0.6725881
take,receive,V,5.08,3.06,2.69,2,0.7,1,0.48,0.60359263,0.52903986,0.60978734,0.5168164
accept,acknowledge,V,6.88,3.03,2.03,1,0.69,1,1.63,0.8258074,0.71457434,0.82333344,0.74581367
decide,choose,V,8.87,1.92,2.62,1,0.67,1,1.26,0.7718825,0.78887427,0.75961107,0.75584114
accept,believe,V,6.75,3.03,1.55,1,0.67,1,1.61,0.5709694,0.5296845,0.5530884,0.5130562
keep,possess,V,8.27,2.37,2.6,1,0.62,1,0.8,0.4798958,0.36809996,0.514326,0.37346223
roam,wander,V,8.83,2.85,2.28,1,0.61,1,0.89,0.7740608,0.37432554,0.6959466,0.48027235
succeed,fail,V,0.83,2.33,3,2,0.61,1,1.44,0.61282235,0.6305641,0.6181454,0.5783028
spend,save,V,0.55,2.93,2.42,2,0.61,1,1.06,0.6434494,0.56035805,0.6443979,0.56483203
leave,go,V,7.63,2.53,3.15,2,0.61,1,1.49,0.7230407,0.6830298,0.7105374,0.6861082
come,attend,V,8.1,2.72,3.17,2,0.61,1,1.6,0.2949765,0.16255409,0.31531885,0.14838831
know,believe,V,5.5,1.68,1.55,1,0.6,1,1.18,0.6516318,0.61752146,0.6202258,0.58675724
gather,meet,V,7.3,2.75,3,2,0.55,1,0.59,0.6889005,0.58492243,0.6710866,0.5655895
make,earn,V,7.62,2.67,2.39,1,0.54,1,1.92,0.62678754,0.52921957,0.60262233,0.500122
forget,ignore,V,3.07,2.04,2.22,1,0.5,1,1.25,0.6664319,0.5165438,0.66828114,0.43353158
multiply,add,V,2.7,2.79,3,2,0.5,1,1.8,0.5365818,0.41897792,0.52763236,0.4095567
shrink,grow,V,0.23,3.55,3.03,2,0.5,1,1.2,0.6533774,0.57195294,0.6669163,0.60832137
arrive,leave,V,1.33,3.22,2.53,2,0.49,1,1.48,0.62138003,0.53609127,0.6291126,0.5623043
succeed,try,V,3.98,2.33,2.22,1,0.48,1,1.35,0.5651934,0.5930589,0.548461,0.58010304
accept,deny,V,1.75,3.03,2.2,2,0.48,1,1.41,0.82137173,0.7803504,0.7848394,0.7629401
arrive,come,V,7.05,3.22,2.72,2,0.48,1,1.56,0.4568524,0.3770995,0.49465522,0.32137293
agree,differ,V,1.05,2.31,1.59,1,0.42,0,1.53,0.50095695,0.4869603,0.4981729,0.4387275
send,receive,V,1.08,2.7,2.69,2,0.42,0,1.53,0.69912314,0.6140924,0.6939954,0.5788652
win,dominate,V,5.68,2.67,2.12,1,0.41,0,1.74,0.301468,0.29744387,0.36143258,0.2620533
add,divide,V,2.3,3,2.86,2,0.41,0,1.25,0.5746101,0.49392402,0.5759194,0.46992573
kill,choke,V,4.92,3.9,3.97,3,0.41,0,1.48,0.28462303,0.19976786,0.21300766,0.17202665
acquire,get,V,8.82,2.93,2.38,2,0.39,0,0.94,0.69162226,0.6465121,0.68231606,0.6281311
participate,join,V,7.7,2.59,2.86,2,0.39,0,1.69,0.6739307,0.62344635,0.64261144,0.5977095
leave,remain,V,2.53,2.53,1.96,1,0.34,0,1.36,0.5944187,0.540401,0.5495274,0.5260096
go,enter,V,4,3.15,3.12,2,0.34,0,1.43,0.7109536,0.7362859,0.7146721,0.67554516
take,carry,V,5.23,3.06,4.04,2,0.34,0,0.44,0.6140547,0.62730205,0.5947798,0.54411376
forget,learn,V,1.18,2.04,2.2,1,0.33,0,1.65,0.63300407,0.5161316,0.6804118,0.53972834
appoint,elect,V,8.17,2.24,2.41,1,0.33,0,1.51,0.882314,0.83414155,0.888266,0.8079661
engage,marry,V,5.43,2.07,3.03,1,0.33,0,1.12,0.6086043,0.4536112,0.5657016,0.45934248
ask,pray,V,3.72,2.52,3.21,2,0.33,0,1.63,0.82853085,0.706519,0.8063564,0.7150543
go,send,V,3.75,3.15,2.7,2,0.33,0,0.77,0.6828546,0.6352841,0.66433424,0.6273984
take,deliver,V,4.37,3.06,3.12,2,0.33,0,1.16,0.5948413,0.5648555,0.59345657,0.5487467
speak,hear,V,3.02,3.7,3.66,2,0.33,0,0.76,0.60684574,0.5947523,0.61247694,0.62988114
analyze,evaluate,V,8.03,2.3,1.85,1,0.28,0,0.49,0.85647637,0.7598189,0.81021774,0.7435557
argue,rationalize,V,4.2,2.75,1.52,1,0.28,0,1.21,0.5183645,0.35236368,0.4313214,0.28441778
lose,keep,V,1.05,2.25,2.37,1,0.28,0,1.57,0.7269012,0.69046146,0.7170829,0.6197791
compare,analyze,V,8.1,2.52,2.3,1,0.28,0,0.84,0.61406595,0.4502712,0.57561266,0.46972752
disorganize,organize,V,1.45,2.44,2.72,1,0.28,0,1.3,0,0,0,0
go,allow,V,3.62,3.15,2.41,2,0.28,0,1.53,0.39746863,0.39414847,0.38405675,0.3918846
take,possess,V,7.2,3.06,2.6,2,0.28,0,1.14,0.43840113,0.33584753,0.44157118,0.2940985
learn,listen,V,3.88,2.2,3.47,2,0.28,0,1.65,0.7002352,0.71064395,0.65966463,0.6883425
destroy,construct,V,0.92,3.08,2.6,2,0.28,0,1.78,0.5492678,0.41722614,0.5574561,0.4270785
create,build,V,8.48,2.62,3.71,2,0.28,0,1.14,0.7850052,0.7299097,0.7656665,0.7198086
steal,buy,V,1.13,3.84,3.35,2,0.28,0,0.95,0.7557435,0.6040933,0.7552727,0.59019184
kill,hang,V,4.45,3.9,3.7,3,0.28,0,1.43,0.5963902,0.56764096,0.59190434,0.55369157
forget,know,V,0.92,2.04,1.68,1,0.27,0,1.6,0.7108273,0.63109595,0.681431,0.6107268
create,imagine,V,5.13,2.62,1.53,1,0.27,0,1.7,0.5876684,0.42381948,0.5922136,0.43281975
do,happen,V,4.23,2.46,1.78,1,0.27,0,1.02,0.51892316,0.32408768,0.5178465,0.29085138
win,accomplish,V,7.85,2.67,2.33,1,0.27,0,0.8,0.3872377,0.31841072,0.37803003,0.28919467
give,deny,V,1.43,2.83,2.2,1,0.27,0,1.36,0.63674897,0.61161375,0.6215329,0.56364805
deserve,earn,V,5.8,1.69,2.39,1,0.23,0,0.62,0.54461,0.3247397,0.51842695,0.24125454
get,put,V,1.98,2.38,2.5,1,0.22,0,1.33,0.54648995,0.44153944,0.5009111,0.4145159
locate,find,V,8.73,2.97,2.63,2,0.22,0,1.54,0.73243517,0.70416814,0.70375925,0.66452885
appear,attend,V,6.28,3.13,3.17,2,0.22,0,1.47,0.34046286,0.17740466,0.32470155,0.17207317
know,comprehend,V,7.63,1.68,1.86,1,0.21,0,1.39,0.6002402,0.48740804,0.5341267,0.49140137
pretend,imagine,V,8.47,2.11,1.53,1,0.21,0,1.63,0.8199759,0.63692266,0.76145893,0.5699889
satisfy,please,V,7.67,2.04,1.64,1,0.21,0,1.74,0.5079026,0.44539657,0.529619,0.43591303
cherish,keep,V,4.85,1.73,2.37,1,0.21,0,1.78,0.28059554,0.20940606,0.39452368,0.15228748
argue,differ,V,5.15,2.75,1.59,1,0.21,0,1.22,0.42789364,0.32491216,0.38954014,0.3317899
overcome,dominate,V,6.25,2.28,2.12,1,0.21,0,1.58,0.46275386,0.34801567,0.4775164,0.34460115
behave,obey,V,7.3,1.78,2.67,1,0.21,0,1.24,0.4942656,0.50970083,0.5240538,0.49526557
cooperate,participate,V,6.43,1.87,2.59,1,0.21,0,1.5,0.5993521,0.57702065,0.66223675,0.566523
achieve,try,V,4.42,2.29,2.22,1,0.21,0,1.14,0.49072945,0.5237654,0.4793663,0.51793754
fail,discourage,V,3.33,3,1.9,1,0.21,0,1.2,0.6715816,0.6338772,0.64740586,0.607116
begin,quit,V,1.28,2.56,2.56,1,0.21,0,1.53,0.37798682,0.37627786,0.3769945,0.28182396
say,participate,V,3.82,2.58,2.59,1,0.21,0,1.3,0.26798934,0.23097534,0.28476027,0.19521765
come,bring,V,2.42,2.72,2.55,2,0.21,0,1.03,0.49782324,0.5133912,0.56449074,0.49467796
declare,announce,V,9.08,2,3.31,2,0.21,0,1.56,0.72911954,0.66424567,0.7443466,0.605235
read,comprehend,V,4.7,3.56,1.86,2,0.21,0,1.75,0.447761,0.19983946,0.38615817,0.26821145
take,leave,V,2.47,3.06,2.53,2,0.21,0,0.8,0.5941598,0.53853804,0.5669267,0.50974715
proclaim,announce,V,8.18,2.36,3.31,2,0.21,0,1.58,0.78848004,0.5516671,0.8223667,0.6164956
acquire,obtain,V,8.57,2.93,3,2,0.21,0,1.96,0.8563315,0.7710307,0.8405454,0.76644295
conclude,decide,V,7.75,1.78,1.92,1,0.2,0,1.17,0.61413306,0.5658054,0.64206475,0.5069617
please,plead,V,2.98,1.64,2.59,1,0.2,0,1.18,0.5935647,0.460917,0.5822257,0.44566607
argue,prove,V,4.83,2.75,1.83,1,0.2,0,0.62,0.58887076,0.61756814,0.60449857,0.5869111
ask,plead,V,6.47,2.52,2.59,1,0.2,0,1.62,0.7145086,0.64203554,0.69126296,0.5667599
find,disappear,V,0.77,2.63,2.86,2,0.2,0,1.04,0.5259235,0.48002014,0.5468863,0.49634203
inspect,examine,V,8.75,3.31,2.86,2,0.2,0,1.39,0.76158553,0.50562346,0.6998007,0.57633895
verify,justify,V,4.08,2.1,1.45,1,0.17,0,1.11,0.83205783,0.67393494,0.8050592,0.6543421
assume,predict,V,4.85,1.75,2,1,0.17,0,1.02,0.78691626,0.6629634,0.79585916,0.6652624
learn,evaluate,V,4.17,2.2,1.85,1,0.17,0,0.88,0.58169025,0.5161673,0.60980123,0.49459973
argue,justify,V,5,2.75,1.45,1,0.17,0,1.13,0.42397016,0.5348936,0.4590943,0.4971626
make,become,V,4.77,2.67,1.54,1,0.17,0,0.82,0.50604486,0.39954698,0.41970754,0.38040182
discover,originate,V,4.83,2.37,2.23,1,0.17,0,1.33,0.43189034,0.14172846,0.43722552,0.18043251
achieve,succeed,V,7.5,2.29,2.33,1,0.17,0,1.29,0.5901447,0.6202945,0.6028142,0.5885855
give,put,V,3.65,2.83,2.5,2,0.17,0,1.47,0.54516304,0.48618883,0.50286597,0.4478793
understand,listen,V,4.68,2.28,3.47,2,0.17,0,1.66,0.6528936,0.59820604,0.63778734,0.54014224
expand,grow,V,8.27,3.36,3.03,2,0.17,0,1.28,0.67529154,0.6292925,0.66999006,0.6222782
borrow,sell,V,1.73,3.1,3.35,2,0.17,0,1.21,0.6367829,0.44287604,0.62422514,0.4757652
keep,protect,V,5.4,2.37,2.86,2,0.15,0,1.26,0.7395813,0.63184345,0.69856036,0.60243726
explain,prove,V,4.1,1.97,1.83,1,0.14,0,1.29,0.80163693,0.7822648,0.7640639,0.7756795
assume,pretend,V,3.72,1.75,2.11,1,0.14,0,1.15,0.70947355,0.4866468,0.63754267,0.40618855
agree,please,V,4.13,2.31,1.64,1,0.14,0,1.7,0.45126483,0.3784693,0.49059984,0.3556124
forgive,forget,V,3.92,1.92,2.04,1,0.14,0,1.5,0.7886719,0.6792208,0.728734,0.63881
clarify,explain,V,8.33,2.07,1.97,1,0.14,0,1.74,0.8292623,0.7095128,0.8208551,0.6809369
understand,forgive,V,4.87,2.28,1.92,1,0.14,0,1.32,0.5865124,0.43927836,0.5926256,0.4192759
remind,forget,V,0.87,2.19,2.04,1,0.14,0,1.56,0.7100505,0.71982217,0.7046827,0.5707713
get,remain,V,1.6,2.38,1.96,1,0.14,0,1.68,0.55000955,0.38908455,0.47139052,0.39121243
realize,discover,V,7.47,2.03,2.37,1,0.14,0,0.59,0.87931716,0.7860672,0.86836725,0.7747193
require,inquire,V,1.82,2.07,2.38,1,0.14,0,1.06,0.2055168,0.120652504,0.19422774,0.086608805
ignore,ask,V,1.07,2.22,2.52,1,0.14,0,1.27,0.69785666,0.64301777,0.7049291,0.5665083
think,inquire,V,4.77,2.41,2.38,1,0.14,0,1.23,0.3496205,0.3926063,0.362968,0.32432804
reject,avoid,V,4.78,2.4,2.41,1,0.14,0,1.36,0.504753,0.39209703,0.5149031,0.38769868
argue,persuade,V,6.23,2.75,2.07,1,0.14,0,1.7,0.38242048,0.26084986,0.34782875,0.20155868
pursue,persuade,V,3.17,2.83,2.07,1,0.14,0,1.39,0.7439778,0.67474186,0.71781665,0.6419269
accept,forgive,V,3.73,3.03,1.92,1,0.14,0,1.75,0.70089465,0.51162434,0.67245615,0.47402418
do,quit,V,1.17,2.46,2.56,1,0.14,0,1.81,0.28704315,0.2098545,0.28034073,0.16062997
investigate,examine,V,8.1,2.27,2.86,1,0.14,0,1.31,0.8503349,0.8289882,0.8556537,0.7540928
discuss,explain,V,6.67,3.17,1.97,1,0.14,0,1.53,0.6867005,0.541376,0.70268476,0.48386934
owe,lend,V,2.32,2.07,3.07,1,0.14,0,0.82,0.71613353,0.7254266,0.7317319,0.72612286
explore,discover,V,8.48,2.9,2.37,2,0.14,0,1.33,0.7939063,0.7061589,0.78601134,0.7237536
complain,argue,V,4.8,2.6,2.75,2,0.14,0,0.9,0.56100184,0.45956752,0.6169233,0.5250122
withdraw,reject,V,6.38,3.04,2.4,2,0.14,0,1.97,0.5264125,0.2928461,0.516999,0.33481428
keep,borrow,V,2.25,2.37,3.1,2,0.14,0,1.29,0.5803552,0.36100605,0.5572142,0.41770986
beg,ask,V,6,2.96,2.52,2,0.14,0,1.58,0.71390593,0.5883466,0.6256949,0.5915464
arrange,organize,V,8.27,2.79,2.72,2,0.14,0,1.1,0.7982552,0.6620663,0.79058546,0.5951899
reduce,shrink,V,8.02,2,3.55,2,0.14,0,1.82,0.44723827,0.4451903,0.4088551,0.4380032
speak,acknowledge,V,4.67,3.7,2.03,2,0.14,0,1.47,0.5061608,0.42536038,0.49730673,0.419236
give,borrow,V,2.22,2.83,3.1,2,0.14,0,1.63,0.56328744,0.3724519,0.5484712,0.32749072
kill,defend,V,2.63,3.9,2.31,2,0.14,0,0.85,0.65203124,0.6555595,0.653509,0.6227731
disappear,shrink,V,5.8,2.86,3.55,2,0.14,0,1,0.72297484,0.6534341,0.6957394,0.5890032
deliver,carry,V,3.88,3.12,4.04,2,0.14,0,1.44,0.78867894,0.735622,0.7740156,0.71431005
breathe,choke,V,1.37,4.07,3.97,3,0.14,0,2.02,0.46703812,0.46670502,0.43505076,0.33581463
acknowledge,notify,V,5.3,2.03,3.04,1,0.13,0,0.62,0.6821804,0.39219368,0.62353873,0.31484243
become,seem,V,2.63,1.54,1.75,1,0.11,0,1.79,0.33619088,0.22278917,0.30341265,0.22676316
pretend,seem,V,4.68,2.11,1.75,1,0.11,0,1.63,0.61850923,0.3949183,0.60326034,0.2574334
accomplish,become,V,4,2.33,1.54,1,0.11,0,0.85,0.32782888,0.3251533,0.27909473,0.3230015
contemplate,think,V,8.82,1.71,2.41,1,0.11,0,1.59,0.431204,0.347027,0.48530668,0.30612966
determine,predict,V,5.8,2.13,2,1,0.11,0,1.37,0.78334224,0.75792915,0.790533,0.728348
please,entertain,V,5,1.64,2.55,1,0.11,0,0.71,0.5309343,0.30449015,0.49273074,0.27564147
remain,retain,V,5.75,1.96,2.32,1,0.11,0,1.12,0.5744605,0.59804326,0.56752974,0.60214996
pretend,portray,V,7.03,2.11,2.18,1,0.11,0,1.64,0.68390274,0.4685275,0.58349496,0.4828019
forget,retain,V,0.63,2.04,2.32,1,0.11,0,1.68,0.5213152,0.3236799,0.48977306,0.24245602
want,choose,V,4.78,1.93,2.62,1,0.11,0,1.56,0.6833319,0.60126895,0.6894175,0.55890393
lose,get,V,0.77,2.25,2.38,1,0.11,0,1.33,0.7384733,0.6381686,0.6957888,0.63011706
try,think,V,2.62,2.22,2.41,1,0.11,0,1.45,0.43848622,0.41418883,0.4250188,0.43526247
become,appear,V,4.77,1.54,3.13,1,0.11,0,1.51,0.33136111,0.25425598,0.3179098,0.22709674
leave,ignore,V,4.42,2.53,2.22,1,0.11,0,1.33,0.5866071,0.48159602,0.58154976,0.45582527
accept,recommend,V,2.75,3.03,1.74,1,0.11,0,1.01,0.7029803,0.5101432,0.6939057,0.5299213
leave,wander,V,3.57,2.53,2.28,1,0.11,0,1.33,0.5459936,0.30511922,0.4895362,0.32983184
keep,give,V,1.05,2.37,2.83,2,0.11,0,1.03,0.71034074,0.7121727,0.6994163,0.6770544
give,allow,V,5.15,2.83,2.41,2,0.11,0,1.32,0.6232208,0.5196431,0.5931755,0.47686112
bring,send,V,2.97,2.55,2.7,2,0.11,0,0.88,0.76720726,0.74338573,0.7600466,0.7241107
absorb,learn,V,5.48,3.11,2.2,2,0.11,0,1.16,0.5407916,0.36041903,0.57940763,0.38317534
acquire,find,V,6.38,2.93,2.63,2,0.11,0,1.74,0.7154189,0.62308526,0.68413484,0.60007787
leave,appear,V,0.97,2.53,3.13,2,0.11,0,1.45,0.42318505,0.3037457,0.405561,0.24499856
create,destroy,V,0.63,2.62,3.08,2,0.11,0,1.1,0.61006385,0.60588884,0.6009884,0.5643419
begin,go,V,7.42,2.56,3.15,2,0.11,0,1.24,0.556566,0.5969657,0.56616354,0.57829237
get,buy,V,5.08,2.38,3.35,2,0.11,0,1.02,0.7137586,0.73209834,0.7155981,0.70443696
collect,save,V,6.67,3.34,2.42,2,0.11,0,0.44,0.76072395,0.69738567,0.742319,0.68036205
replace,restore,V,5.73,3,2.79,2,0.11,0,1.08,0.66409373,0.5790325,0.62563634,0.5841505
join,add,V,8.1,2.86,3,2,0.11,0,0.88,0.43117973,0.3858666,0.42745024,0.40652674
join,marry,V,5.35,2.86,3.03,2,0.11,0,1.41,0.6577359,0.60962313,0.6515077,0.5712308
accept,deliver,V,1.58,3.03,3.12,2,0.11,0,1.37,0.68173516,0.5181108,0.68373835,0.48500594
attach,join,V,7.75,3.33,2.86,2,0.11,0,0.94,0.5342192,0.41206113,0.5302187,0.44499192
put,hang,V,3,2.5,3.7,2,0.11,0,1.49,0.5317492,0.37555587,0.47326934,0.3225835
go,sell,V,0.97,3.15,3.35,2,0.11,0,0.9,0.56679046,0.50409174,0.58148575,0.45338577
communicate,pray,V,3.55,3.43,3.21,2,0.11,0,1.38,0.52509075,0.36193818,0.5386575,0.35672787
give,steal,V,0.5,2.83,3.84,2,0.11,0,0.62,0.6915619,0.5129165,0.64322877,0.48328656
add,build,V,4.92,3,3.71,2,0.11,0,1.1,0.6700358,0.5142093,0.6343487,0.5232671
bring,restore,V,2.62,2.55,2.79,2,0.1,0,0.74,0.72032106,0.68372744,0.68826056,0.66504204
comprehend,satisfy,V,2.55,1.86,2.04,1,0,0,1,0.79335123,0.6259782,0.7801594,0.58529085
portray,decide,V,1.18,2.18,1.92,1,0,0,1.37,0.52262276,0.342939,0.49232462,0.3065117
organize,become,V,1.77,2.72,1.54,1,0,0,1.86,0.28581786,0.18454666,0.27708817,0.2244089
give,know,V,0.88,2.83,1.68,1,0,0,1.12,0.47776476,0.40936533,0.47020632,0.442861
say,verify,V,4.9,2.58,2.1,1,0,0,0.65,0.59182155,0.5428905,0.52281886,0.444732
cooperate,join,V,5.18,1.87,2.86,1,0,0,0.36,0.71505207,0.6520675,0.6786596,0.62603
arrange,require,V,0.98,2.79,2.07,1,0,0,1.72,0.540549,0.41534534,0.50601774,0.33941373
borrow,want,V,1.77,3.1,1.93,1,0,0,1.22,0.5145845,0.27729437,0.5075422,0.33000425
investigate,pursue,V,7.15,2.27,2.83,1,0,0,0.56,0.6924961,0.59876066,0.68573713,0.58145595
ignore,explore,V,0.4,2.22,2.9,1,0,0,1.19,0.7474564,0.61366165,0.80828714,0.6150876
bring,complain,V,0.98,2.55,2.6,1,0,0,1.57,0.62527734,0.3746056,0.6100225,0.33044058
enter,owe,V,0.68,3.12,2.07,1,0,0,1.67,0.40988716,0.34340236,0.39072642,0.37282547
portray,notify,V,0.78,2.18,3.04,2,0,0,1.17,0.6259077,0.09469059,0.5937761,0.16861482
remind,sell,V,0.4,2.19,3.35,2,0,0,1.61,0.48825616,0.291294,0.48158008,0.30516508
absorb,possess,V,5,3.11,2.6,2,0,0,1.15,0.69881785,0.61992097,0.7007914,0.6160622
join,acquire,V,2.85,2.86,2.93,2,0,0,0.99,0.5356054,0.48312104,0.5177351,0.48961073
send,attend,V,1.67,2.7,3.17,2,0,0,1.44,0.61636543,0.5794119,0.5915259,0.5734655
gather,attend,V,4.8,2.75,3.17,2,0,0,1.97,0.60625863,0.5338133,0.6176985,0.528668
absorb,withdraw,V,2.97,3.11,3.04,2,0,0,1.75,0.5491751,0.35714296,0.5911211,0.33001155
attend,arrive,V,6.08,3.17,3.22,2,0,0,1.18,0.56256485,0.31258604,0.539126,0.34883106
